analysis_level,risk_target,signal,n,positive_events,auc_raw,auc_oriented,unsafe_direction
experiment_posthoc_descriptive,0.05,two_sample_auc,11,4,0.39285714285714285,0.6071428571428572,lower_is_unsafe
experiment_posthoc_descriptive,0.05,standardized_mean_distance,11,4,0.2142857142857143,0.7857142857142857,lower_is_unsafe
experiment_posthoc_descriptive,0.05,rbf_mmd,11,4,0.3214285714285714,0.6785714285714286,lower_is_unsafe
experiment_posthoc_descriptive,0.05,energy_distance,11,4,0.2857142857142857,0.7142857142857143,lower_is_unsafe
experiment_posthoc_descriptive,0.05,unit_ood_mean,11,4,0.5357142857142857,0.5357142857142857,higher_is_unsafe
experiment_posthoc_descriptive,0.05,unit_ood_p95,11,4,0.4642857142857143,0.5357142857142857,lower_is_unsafe
experiment_posthoc_descriptive,0.05,unit_ood_fraction,11,4,0.4642857142857143,0.5357142857142857,lower_is_unsafe
experiment_posthoc_descriptive,0.05,prediction_entropy_mean,11,4,0.75,0.75,higher_is_unsafe
experiment_posthoc_descriptive,0.05,prediction_entropy_p90,11,4,0.6071428571428571,0.6071428571428571,higher_is_unsafe
experiment_posthoc_descriptive,0.05,ensemble_disagreement_mean,11,4,0.5,0.5,higher_is_unsafe
experiment_posthoc_descriptive,0.05,ensemble_disagreement_p90,11,4,0.25,0.75,lower_is_unsafe
experiment_posthoc_descriptive,0.05,ambiguous_prediction_fraction,11,4,0.6428571428571429,0.6428571428571429,higher_is_unsafe
experiment_posthoc_descriptive,0.05,predicted_positive_fraction,11,4,0.5357142857142857,0.5357142857142857,higher_is_unsafe
experiment_posthoc_descriptive,0.05,observation_count_mean,11,4,0.6071428571428572,0.6071428571428572,higher_is_unsafe
experiment_posthoc_descriptive,0.05,observation_count_cv,11,4,0.2857142857142857,0.7142857142857143,lower_is_unsafe
experiment_posthoc_descriptive,0.05,trajectory_slope_norm_mean,11,4,0.10714285714285715,0.8928571428571428,lower_is_unsafe
experiment_posthoc_descriptive,0.05,trajectory_slope_norm_p90,11,4,0.1785714285714286,0.8214285714285714,lower_is_unsafe
unit_at_early_stop,0.05,unit_ood_ratio,439,25,0.7656038647342995,0.7656038647342995,higher_is_unsafe
unit_at_early_stop,0.05,prediction_entropy,439,25,0.8028985507246378,0.8028985507246378,higher_is_unsafe
unit_at_early_stop,0.05,ensemble_disagreement,439,25,0.765024154589372,0.765024154589372,higher_is_unsafe
unit_at_early_stop,0.05,negative_selective_confidence,439,25,0.8028985507246378,0.8028985507246378,higher_is_unsafe
unit_at_early_stop,0.05,ambiguous_prediction,439,25,0.5775845410628019,0.5775845410628019,higher_is_unsafe
experiment_posthoc_descriptive,0.1,two_sample_auc,11,7,0.5357142857142857,0.5357142857142857,higher_is_unsafe
experiment_posthoc_descriptive,0.1,standardized_mean_distance,11,7,0.2857142857142857,0.7142857142857143,lower_is_unsafe
experiment_posthoc_descriptive,0.1,rbf_mmd,11,7,0.2857142857142857,0.7142857142857143,lower_is_unsafe
experiment_posthoc_descriptive,0.1,energy_distance,11,7,0.25,0.75,lower_is_unsafe
experiment_posthoc_descriptive,0.1,unit_ood_mean,11,7,0.2857142857142857,0.7142857142857143,lower_is_unsafe
experiment_posthoc_descriptive,0.1,unit_ood_p95,11,7,0.2857142857142857,0.7142857142857143,lower_is_unsafe
experiment_posthoc_descriptive,0.1,unit_ood_fraction,11,7,0.35714285714285715,0.6428571428571428,lower_is_unsafe
experiment_posthoc_descriptive,0.1,prediction_entropy_mean,11,7,0.5357142857142857,0.5357142857142857,higher_is_unsafe
experiment_posthoc_descriptive,0.1,prediction_entropy_p90,11,7,0.25,0.75,lower_is_unsafe
experiment_posthoc_descriptive,0.1,ensemble_disagreement_mean,11,7,0.25,0.75,lower_is_unsafe
experiment_posthoc_descriptive,0.1,ensemble_disagreement_p90,11,7,0.25,0.75,lower_is_unsafe
experiment_posthoc_descriptive,0.1,ambiguous_prediction_fraction,11,7,0.3571428571428571,0.6428571428571429,lower_is_unsafe
experiment_posthoc_descriptive,0.1,predicted_positive_fraction,11,7,0.25,0.75,lower_is_unsafe
experiment_posthoc_descriptive,0.1,observation_count_mean,11,7,0.5,0.5,higher_is_unsafe
experiment_posthoc_descriptive,0.1,observation_count_cv,11,7,0.4642857142857143,0.5357142857142857,lower_is_unsafe
experiment_posthoc_descriptive,0.1,trajectory_slope_norm_mean,11,7,0.3571428571428571,0.6428571428571429,lower_is_unsafe
experiment_posthoc_descriptive,0.1,trajectory_slope_norm_p90,11,7,0.3928571428571428,0.6071428571428572,lower_is_unsafe
unit_at_early_stop,0.1,unit_ood_ratio,580,76,0.6965852130325816,0.6965852130325816,higher_is_unsafe
unit_at_early_stop,0.1,prediction_entropy,580,76,0.7189849624060151,0.7189849624060151,higher_is_unsafe
unit_at_early_stop,0.1,ensemble_disagreement,580,76,0.725015664160401,0.725015664160401,higher_is_unsafe
unit_at_early_stop,0.1,negative_selective_confidence,580,76,0.7189849624060151,0.7189849624060151,higher_is_unsafe
unit_at_early_stop,0.1,ambiguous_prediction,580,76,0.5610902255639099,0.5610902255639099,higher_is_unsafe
