figure,evidence_source
01_rpe_risk_savings_frontier,risk_savings_frontier.csv
02_rpe_risk_coverage_frontier,risk_savings_frontier.csv
03_per_experiment_eesr,master_evidence.csv
04_per_experiment_observation_savings,master_evidence.csv
05_baseline_comparison_005,operating_point_005.csv
06_ood_refusal_ablation,operating_point_005.csv
07_experiment_gate_005,phase3_comparison.csv
08_experiment_gate_010,phase3_comparison.csv
09_representative_successful_stop,representative_cases.csv; predictions_by_time.csv
10_representative_abstention,representative_cases.csv; predictions_by_time.csv
11_representative_erroneous_stop,representative_cases.csv; predictions_by_time.csv
12_e007_failure_case,e007_e012_forensics.json; predictions_by_time.csv
