dataset,endpoint,experiment,method,risk_target,test_units,early_stops,early_stop_errors,eesr,eesr_ci_low,eesr_ci_high,coverage,abstention_rate,observation_savings,mean_decision_time,median_decision_time,false_positive_early_stops,false_negative_early_stops,ood_enabled,experiment_gate_enabled,seed,protocol_hash,commit_hash
orgAInoid_RPE_Final,RPE_Final,E001,gates_full,0.02,80,0,0,0.0,,,0.0,0.0,0.0,72.0,72.0,0,0,True,False,20260929,2264d2f6ac2fde621c6218352e3ffe14e765700f89b99c6cc03a12c9f1bc3b31,69b1b200c29ca42626fc4cdc7d32551c9524e8f9
orgAInoid_RPE_Final,RPE_Final,E001,gates_full,0.05,80,49,0,0.0,0.0,0.07251926366427738,0.6125,0.0,0.1666666666666666,60.0,60.0,0,0,True,False,20260929,2264d2f6ac2fde621c6218352e3ffe14e765700f89b99c6cc03a12c9f1bc3b31,69b1b200c29ca42626fc4cdc7d32551c9524e8f9
orgAInoid_RPE_Final,RPE_Final,E001,gates_full,0.1,80,69,5,0.072463768115942,0.023946620968704542,0.16106174027361292,0.8625,0.1375,0.53125,33.75,24.0,5,0,True,False,20260929,2264d2f6ac2fde621c6218352e3ffe14e765700f89b99c6cc03a12c9f1bc3b31,69b1b200c29ca42626fc4cdc7d32551c9524e8f9
orgAInoid_RPE_Final,RPE_Final,E001,gates_full,0.15,80,69,7,0.1014492753623188,0.04177087817693837,0.19791848235141232,0.8625,0.1375,0.5583333333333333,31.8,24.0,5,2,True,False,20260929,2264d2f6ac2fde621c6218352e3ffe14e765700f89b99c6cc03a12c9f1bc3b31,69b1b200c29ca42626fc4cdc7d32551c9524e8f9
orgAInoid_RPE_Final,RPE_Final,E001,gates_full,0.2,80,75,8,0.1066666666666666,0.04718995174005832,0.19940174420267148,0.9375,0.0625,0.75625,17.55,12.0,4,4,True,False,20260929,2264d2f6ac2fde621c6218352e3ffe14e765700f89b99c6cc03a12c9f1bc3b31,69b1b200c29ca42626fc4cdc7d32551c9524e8f9
orgAInoid_RPE_Final,RPE_Final,E001,gates_full,0.3,80,76,11,0.1447368421052631,0.07452893843891269,0.24423396390789123,0.95,0.05,0.7916666666666666,15.0,12.0,4,7,True,False,20260929,2264d2f6ac2fde621c6218352e3ffe14e765700f89b99c6cc03a12c9f1bc3b31,69b1b200c29ca42626fc4cdc7d32551c9524e8f9
orgAInoid_RPE_Final,RPE_Final,E002,gates_full,0.02,92,11,0,0.0,0.0,0.2849141529181544,0.1195652173913043,0.0326086956521739,0.019927536231884,70.56521739130434,72.0,0,0,True,False,20260929,2264d2f6ac2fde621c6218352e3ffe14e765700f89b99c6cc03a12c9f1bc3b31,69b1b200c29ca42626fc4cdc7d32551c9524e8f9
orgAInoid_RPE_Final,RPE_Final,E002,gates_full,0.05,92,25,0,0.0,0.0,0.13718517153071252,0.2717391304347826,0.0326086956521739,0.0452898550724637,68.73913043478261,72.0,0,0,True,False,20260929,2264d2f6ac2fde621c6218352e3ffe14e765700f89b99c6cc03a12c9f1bc3b31,69b1b200c29ca42626fc4cdc7d32551c9524e8f9
orgAInoid_RPE_Final,RPE_Final,E002,gates_full,0.1,92,38,2,0.0526315789473684,0.0064387167150919125,0.1774905903476408,0.4130434782608695,0.0326086956521739,0.0688405797101449,67.04347826086956,72.0,0,2,True,False,20260929,2264d2f6ac2fde621c6218352e3ffe14e765700f89b99c6cc03a12c9f1bc3b31,69b1b200c29ca42626fc4cdc7d32551c9524e8f9
orgAInoid_RPE_Final,RPE_Final,E002,gates_full,0.15,92,68,7,0.1029411764705882,0.04240048807461239,0.20066529806477584,0.7391304347826086,0.0434782608695652,0.197463768115942,57.78260869565217,60.0,2,5,True,False,20260929,2264d2f6ac2fde621c6218352e3ffe14e765700f89b99c6cc03a12c9f1bc3b31,69b1b200c29ca42626fc4cdc7d32551c9524e8f9
orgAInoid_RPE_Final,RPE_Final,E002,gates_full,0.2,92,81,11,0.1358024691358024,0.06978868598718269,0.2300096315620658,0.8804347826086957,0.0434782608695652,0.2336956521739129,55.17391304347826,48.0,6,5,True,False,20260929,2264d2f6ac2fde621c6218352e3ffe14e765700f89b99c6cc03a12c9f1bc3b31,69b1b200c29ca42626fc4cdc7d32551c9524e8f9
orgAInoid_RPE_Final,RPE_Final,E002,gates_full,0.3,92,86,15,0.1744186046511628,0.1010376217134008,0.27130919384326213,0.9347826086956522,0.0217391304347826,0.7355072463768113,19.043478260869566,12.0,7,8,True,False,20260929,2264d2f6ac2fde621c6218352e3ffe14e765700f89b99c6cc03a12c9f1bc3b31,69b1b200c29ca42626fc4cdc7d32551c9524e8f9
orgAInoid_RPE_Final,RPE_Final,E004,gates_full,0.02,96,0,0,0.0,,,0.0,0.0,0.0,72.0,72.0,0,0,True,False,20260929,2264d2f6ac2fde621c6218352e3ffe14e765700f89b99c6cc03a12c9f1bc3b31,69b1b200c29ca42626fc4cdc7d32551c9524e8f9
orgAInoid_RPE_Final,RPE_Final,E004,gates_full,0.05,96,52,0,0.0,0.0,0.06848220870331956,0.5416666666666666,0.0,0.0902777777777777,65.5,60.0,0,0,True,False,20260929,2264d2f6ac2fde621c6218352e3ffe14e765700f89b99c6cc03a12c9f1bc3b31,69b1b200c29ca42626fc4cdc7d32551c9524e8f9
orgAInoid_RPE_Final,RPE_Final,E004,gates_full,0.1,96,72,0,0.0,0.0,0.04994408370585467,0.75,0.0,0.125,63.0,60.0,0,0,True,False,20260929,2264d2f6ac2fde621c6218352e3ffe14e765700f89b99c6cc03a12c9f1bc3b31,69b1b200c29ca42626fc4cdc7d32551c9524e8f9
orgAInoid_RPE_Final,RPE_Final,E004,gates_full,0.15,96,94,0,0.0,0.0,0.03848335099752879,0.9791666666666666,0.0,0.1649305555555555,60.125,60.0,0,0,True,False,20260929,2264d2f6ac2fde621c6218352e3ffe14e765700f89b99c6cc03a12c9f1bc3b31,69b1b200c29ca42626fc4cdc7d32551c9524e8f9
orgAInoid_RPE_Final,RPE_Final,E004,gates_full,0.2,96,96,0,0.0,0.0,0.03769692162358756,1.0,0.0,0.3142361111111111,49.375,48.0,0,0,True,False,20260929,2264d2f6ac2fde621c6218352e3ffe14e765700f89b99c6cc03a12c9f1bc3b31,69b1b200c29ca42626fc4cdc7d32551c9524e8f9
orgAInoid_RPE_Final,RPE_Final,E004,gates_full,0.3,96,96,21,0.21875,0.14080175686133908,0.31473617689582767,1.0,0.0,0.5538194444444443,32.125,48.0,21,0,True,False,20260929,2264d2f6ac2fde621c6218352e3ffe14e765700f89b99c6cc03a12c9f1bc3b31,69b1b200c29ca42626fc4cdc7d32551c9524e8f9
orgAInoid_RPE_Final,RPE_Final,E005,gates_full,0.02,92,0,0,0.0,,,0.0,0.0,0.0,72.0,72.0,0,0,True,False,20260929,2264d2f6ac2fde621c6218352e3ffe14e765700f89b99c6cc03a12c9f1bc3b31,69b1b200c29ca42626fc4cdc7d32551c9524e8f9
orgAInoid_RPE_Final,RPE_Final,E005,gates_full,0.05,92,0,0,0.0,,,0.0,0.0,0.0,72.0,72.0,0,0,True,False,20260929,2264d2f6ac2fde621c6218352e3ffe14e765700f89b99c6cc03a12c9f1bc3b31,69b1b200c29ca42626fc4cdc7d32551c9524e8f9
orgAInoid_RPE_Final,RPE_Final,E005,gates_full,0.1,92,0,0,0.0,,,0.0,0.0,0.0,72.0,72.0,0,0,True,False,20260929,2264d2f6ac2fde621c6218352e3ffe14e765700f89b99c6cc03a12c9f1bc3b31,69b1b200c29ca42626fc4cdc7d32551c9524e8f9
orgAInoid_RPE_Final,RPE_Final,E005,gates_full,0.15,92,20,5,0.25,0.08657146910143458,0.49104587170795744,0.217391304347826,0.2826086956521739,0.1757246376811594,59.34782608695652,72.0,4,1,True,False,20260929,2264d2f6ac2fde621c6218352e3ffe14e765700f89b99c6cc03a12c9f1bc3b31,69b1b200c29ca42626fc4cdc7d32551c9524e8f9
orgAInoid_RPE_Final,RPE_Final,E005,gates_full,0.2,92,21,5,0.238095238095238,0.08217587559302254,0.47165982765462133,0.2282608695652173,0.3152173913043478,0.1865942028985507,58.56521739130435,72.0,4,1,True,False,20260929,2264d2f6ac2fde621c6218352e3ffe14e765700f89b99c6cc03a12c9f1bc3b31,69b1b200c29ca42626fc4cdc7d32551c9524e8f9
orgAInoid_RPE_Final,RPE_Final,E005,gates_full,0.3,92,45,12,0.2666666666666666,0.1460407158381299,0.4194467047420178,0.4891304347826087,0.4891304347826087,0.3786231884057971,44.73913043478261,72.0,10,2,True,False,20260929,2264d2f6ac2fde621c6218352e3ffe14e765700f89b99c6cc03a12c9f1bc3b31,69b1b200c29ca42626fc4cdc7d32551c9524e8f9
orgAInoid_RPE_Final,RPE_Final,E006,gates_full,0.02,95,0,0,0.0,,,0.0,0.0,0.0,72.0,72.0,0,0,True,False,20260929,2264d2f6ac2fde621c6218352e3ffe14e765700f89b99c6cc03a12c9f1bc3b31,69b1b200c29ca42626fc4cdc7d32551c9524e8f9
orgAInoid_RPE_Final,RPE_Final,E006,gates_full,0.05,95,0,0,0.0,,,0.0,0.0,0.0,72.0,72.0,0,0,True,False,20260929,2264d2f6ac2fde621c6218352e3ffe14e765700f89b99c6cc03a12c9f1bc3b31,69b1b200c29ca42626fc4cdc7d32551c9524e8f9
orgAInoid_RPE_Final,RPE_Final,E006,gates_full,0.1,95,0,0,0.0,,,0.0,0.0,0.0,72.0,72.0,0,0,True,False,20260929,2264d2f6ac2fde621c6218352e3ffe14e765700f89b99c6cc03a12c9f1bc3b31,69b1b200c29ca42626fc4cdc7d32551c9524e8f9
orgAInoid_RPE_Final,RPE_Final,E006,gates_full,0.15,95,32,8,0.25,0.11461600510258818,0.43404937492224277,0.3368421052631579,0.1157894736842105,0.2771929824561403,52.04210526315789,72.0,0,8,True,False,20260929,2264d2f6ac2fde621c6218352e3ffe14e765700f89b99c6cc03a12c9f1bc3b31,69b1b200c29ca42626fc4cdc7d32551c9524e8f9
orgAInoid_RPE_Final,RPE_Final,E006,gates_full,0.2,95,38,9,0.2368421052631578,0.11444170482253074,0.40241236057149077,0.4,0.1157894736842105,0.3192982456140351,49.01052631578948,72.0,0,9,True,False,20260929,2264d2f6ac2fde621c6218352e3ffe14e765700f89b99c6cc03a12c9f1bc3b31,69b1b200c29ca42626fc4cdc7d32551c9524e8f9
orgAInoid_RPE_Final,RPE_Final,E006,gates_full,0.3,95,73,20,0.273972602739726,0.17605920216255502,0.39094136043787736,0.7684210526315789,0.1789473684210526,0.5456140350877193,32.71578947368421,12.0,1,19,True,False,20260929,2264d2f6ac2fde621c6218352e3ffe14e765700f89b99c6cc03a12c9f1bc3b31,69b1b200c29ca42626fc4cdc7d32551c9524e8f9
orgAInoid_RPE_Final,RPE_Final,E007,gates_full,0.02,93,26,3,0.1153846153846153,0.024458075317962222,0.30154040010756766,0.2795698924731182,0.1075268817204301,0.1863799283154121,58.58064516129032,72.0,3,0,True,False,20260929,2264d2f6ac2fde621c6218352e3ffe14e765700f89b99c6cc03a12c9f1bc3b31,69b1b200c29ca42626fc4cdc7d32551c9524e8f9
orgAInoid_RPE_Final,RPE_Final,E007,gates_full,0.05,93,49,15,0.3061224489795918,0.18251944764587358,0.4541524365052459,0.5268817204301075,0.3333333333333333,0.3028673835125448,50.193548387096776,60.0,5,10,True,False,20260929,2264d2f6ac2fde621c6218352e3ffe14e765700f89b99c6cc03a12c9f1bc3b31,69b1b200c29ca42626fc4cdc7d32551c9524e8f9
orgAInoid_RPE_Final,RPE_Final,E007,gates_full,0.1,93,67,26,0.3880597014925373,0.2713680542404899,0.5149818674332615,0.7204301075268817,0.2795698924731182,0.4301075268817204,41.03225806451613,24.0,8,18,True,False,20260929,2264d2f6ac2fde621c6218352e3ffe14e765700f89b99c6cc03a12c9f1bc3b31,69b1b200c29ca42626fc4cdc7d32551c9524e8f9
orgAInoid_RPE_Final,RPE_Final,E007,gates_full,0.15,93,72,28,0.3888888888888889,0.27615468584745545,0.5110630637723107,0.7741935483870968,0.2258064516129032,0.4856630824372759,37.03225806451613,24.0,10,18,True,False,20260929,2264d2f6ac2fde621c6218352e3ffe14e765700f89b99c6cc03a12c9f1bc3b31,69b1b200c29ca42626fc4cdc7d32551c9524e8f9
orgAInoid_RPE_Final,RPE_Final,E007,gates_full,0.2,93,77,31,0.4025974025974026,0.292336098440311,0.5205862189829489,0.8279569892473119,0.1720430107526881,0.528673835125448,33.935483870967744,24.0,11,20,True,False,20260929,2264d2f6ac2fde621c6218352e3ffe14e765700f89b99c6cc03a12c9f1bc3b31,69b1b200c29ca42626fc4cdc7d32551c9524e8f9
orgAInoid_RPE_Final,RPE_Final,E007,gates_full,0.3,93,82,31,0.3780487804878049,0.273234877457461,0.4919462653606615,0.8817204301075269,0.1182795698924731,0.5878136200716846,29.677419354838708,24.0,12,19,True,False,20260929,2264d2f6ac2fde621c6218352e3ffe14e765700f89b99c6cc03a12c9f1bc3b31,69b1b200c29ca42626fc4cdc7d32551c9524e8f9
orgAInoid_RPE_Final,RPE_Final,E008,gates_full,0.02,91,73,2,0.0273972602739726,0.0033353288931166655,0.09548916383778921,0.8021978021978022,0.0109890109890109,0.1556776556776556,60.79120879120879,60.0,2,0,True,False,20260929,2264d2f6ac2fde621c6218352e3ffe14e765700f89b99c6cc03a12c9f1bc3b31,69b1b200c29ca42626fc4cdc7d32551c9524e8f9
orgAInoid_RPE_Final,RPE_Final,E008,gates_full,0.05,91,75,2,0.0266666666666666,0.003245930928966027,0.09303153222072548,0.8241758241758241,0.0219780219780219,0.1666666666666666,60.0,60.0,2,0,True,False,20260929,2264d2f6ac2fde621c6218352e3ffe14e765700f89b99c6cc03a12c9f1bc3b31,69b1b200c29ca42626fc4cdc7d32551c9524e8f9
orgAInoid_RPE_Final,RPE_Final,E008,gates_full,0.1,91,80,3,0.0375,0.007801187265716697,0.10570198501650858,0.8791208791208791,0.0329670329670329,0.3278388278388278,48.395604395604394,48.0,3,0,True,False,20260929,2264d2f6ac2fde621c6218352e3ffe14e765700f89b99c6cc03a12c9f1bc3b31,69b1b200c29ca42626fc4cdc7d32551c9524e8f9
orgAInoid_RPE_Final,RPE_Final,E008,gates_full,0.15,91,87,9,0.1034482758620689,0.048405916691360656,0.18731343801911274,0.956043956043956,0.0329670329670329,0.4377289377289377,40.48351648351648,48.0,5,4,True,False,20260929,2264d2f6ac2fde621c6218352e3ffe14e765700f89b99c6cc03a12c9f1bc3b31,69b1b200c29ca42626fc4cdc7d32551c9524e8f9
orgAInoid_RPE_Final,RPE_Final,E008,gates_full,0.2,91,85,11,0.1294117647058823,0.06640993591050572,0.21976636082979975,0.934065934065934,0.0549450549450549,0.4725274725274724,37.97802197802198,24.0,5,6,True,False,20260929,2264d2f6ac2fde621c6218352e3ffe14e765700f89b99c6cc03a12c9f1bc3b31,69b1b200c29ca42626fc4cdc7d32551c9524e8f9
orgAInoid_RPE_Final,RPE_Final,E008,gates_full,0.3,91,87,18,0.2068965517241379,0.12747486687013446,0.3071316475235606,0.956043956043956,0.0439560439560439,0.6117216117216119,27.956043956043956,24.0,4,14,True,False,20260929,2264d2f6ac2fde621c6218352e3ffe14e765700f89b99c6cc03a12c9f1bc3b31,69b1b200c29ca42626fc4cdc7d32551c9524e8f9
orgAInoid_RPE_Final,RPE_Final,E009,gates_full,0.02,90,88,2,0.0227272727272727,0.002764327076169788,0.07969730897132152,0.9777777777777776,0.0111111111111111,0.2462962962962962,54.266666666666666,60.0,2,0,True,False,20260929,2264d2f6ac2fde621c6218352e3ffe14e765700f89b99c6cc03a12c9f1bc3b31,69b1b200c29ca42626fc4cdc7d32551c9524e8f9
orgAInoid_RPE_Final,RPE_Final,E009,gates_full,0.05,90,88,2,0.0227272727272727,0.002764327076169788,0.07969730897132152,0.9777777777777776,0.0111111111111111,0.2722222222222222,52.4,48.0,2,0,True,False,20260929,2264d2f6ac2fde621c6218352e3ffe14e765700f89b99c6cc03a12c9f1bc3b31,69b1b200c29ca42626fc4cdc7d32551c9524e8f9
orgAInoid_RPE_Final,RPE_Final,E009,gates_full,0.1,90,88,11,0.125,0.0640831975470452,0.21266158728956466,0.9777777777777776,0.0222222222222222,0.4388888888888889,40.4,48.0,11,0,True,False,20260929,2264d2f6ac2fde621c6218352e3ffe14e765700f89b99c6cc03a12c9f1bc3b31,69b1b200c29ca42626fc4cdc7d32551c9524e8f9
orgAInoid_RPE_Final,RPE_Final,E009,gates_full,0.15,90,88,16,0.1818181818181818,0.10764844507810561,0.27840196882427864,0.9777777777777776,0.0222222222222222,0.6277777777777778,26.8,24.0,16,0,True,False,20260929,2264d2f6ac2fde621c6218352e3ffe14e765700f89b99c6cc03a12c9f1bc3b31,69b1b200c29ca42626fc4cdc7d32551c9524e8f9
orgAInoid_RPE_Final,RPE_Final,E009,gates_full,0.2,90,88,25,0.2840909090909091,0.19301787046091967,0.39020455497440276,0.9777777777777776,0.0222222222222222,0.7240740740740741,19.866666666666667,12.0,25,0,True,False,20260929,2264d2f6ac2fde621c6218352e3ffe14e765700f89b99c6cc03a12c9f1bc3b31,69b1b200c29ca42626fc4cdc7d32551c9524e8f9
orgAInoid_RPE_Final,RPE_Final,E009,gates_full,0.3,90,88,42,0.4772727272727273,0.36962350460145543,0.5864947894767304,0.9777777777777776,0.0222222222222222,0.811111111111111,13.6,12.0,42,0,True,False,20260929,2264d2f6ac2fde621c6218352e3ffe14e765700f89b99c6cc03a12c9f1bc3b31,69b1b200c29ca42626fc4cdc7d32551c9524e8f9
orgAInoid_RPE_Final,RPE_Final,E010,gates_full,0.02,92,34,0,0.0,0.0,0.10281792425901262,0.3695652173913043,0.0,0.0615942028985507,67.56521739130434,72.0,0,0,True,False,20260929,2264d2f6ac2fde621c6218352e3ffe14e765700f89b99c6cc03a12c9f1bc3b31,69b1b200c29ca42626fc4cdc7d32551c9524e8f9
orgAInoid_RPE_Final,RPE_Final,E010,gates_full,0.05,92,34,0,0.0,0.0,0.10281792425901262,0.3695652173913043,0.0,0.0615942028985507,67.56521739130434,72.0,0,0,True,False,20260929,2264d2f6ac2fde621c6218352e3ffe14e765700f89b99c6cc03a12c9f1bc3b31,69b1b200c29ca42626fc4cdc7d32551c9524e8f9
orgAInoid_RPE_Final,RPE_Final,E010,gates_full,0.1,92,43,0,0.0,0.0,0.08221112115413848,0.4673913043478261,0.0,0.0778985507246377,66.3913043478261,72.0,0,0,True,False,20260929,2264d2f6ac2fde621c6218352e3ffe14e765700f89b99c6cc03a12c9f1bc3b31,69b1b200c29ca42626fc4cdc7d32551c9524e8f9
orgAInoid_RPE_Final,RPE_Final,E010,gates_full,0.15,92,69,3,0.0434782608695652,0.009057607358815035,0.12184714936562364,0.75,0.0108695652173913,0.181159420289855,58.95652173913044,60.0,3,0,True,False,20260929,2264d2f6ac2fde621c6218352e3ffe14e765700f89b99c6cc03a12c9f1bc3b31,69b1b200c29ca42626fc4cdc7d32551c9524e8f9
orgAInoid_RPE_Final,RPE_Final,E010,gates_full,0.2,92,90,24,0.2666666666666666,0.1789189611357617,0.3703223871117669,0.9782608695652174,0.0217391304347826,0.3260869565217391,48.52173913043478,48.0,23,1,True,False,20260929,2264d2f6ac2fde621c6218352e3ffe14e765700f89b99c6cc03a12c9f1bc3b31,69b1b200c29ca42626fc4cdc7d32551c9524e8f9
orgAInoid_RPE_Final,RPE_Final,E010,gates_full,0.3,92,90,24,0.2666666666666666,0.1789189611357617,0.3703223871117669,0.9782608695652174,0.0217391304347826,0.3260869565217391,48.52173913043478,48.0,23,1,True,False,20260929,2264d2f6ac2fde621c6218352e3ffe14e765700f89b99c6cc03a12c9f1bc3b31,69b1b200c29ca42626fc4cdc7d32551c9524e8f9
orgAInoid_RPE_Final,RPE_Final,E011,gates_full,0.02,90,24,0,0.0,0.0,0.14247359772252563,0.2666666666666666,0.0111111111111111,0.0888888888888888,65.6,72.0,0,0,True,False,20260929,2264d2f6ac2fde621c6218352e3ffe14e765700f89b99c6cc03a12c9f1bc3b31,69b1b200c29ca42626fc4cdc7d32551c9524e8f9
orgAInoid_RPE_Final,RPE_Final,E011,gates_full,0.05,90,24,0,0.0,0.0,0.14247359772252563,0.2666666666666666,0.0111111111111111,0.0888888888888888,65.6,72.0,0,0,True,False,20260929,2264d2f6ac2fde621c6218352e3ffe14e765700f89b99c6cc03a12c9f1bc3b31,69b1b200c29ca42626fc4cdc7d32551c9524e8f9
orgAInoid_RPE_Final,RPE_Final,E011,gates_full,0.1,90,52,1,0.0192307692307692,0.00048676241549208335,0.10255354465211769,0.5777777777777777,0.0222222222222222,0.1462962962962963,61.46666666666667,60.0,1,0,True,False,20260929,2264d2f6ac2fde621c6218352e3ffe14e765700f89b99c6cc03a12c9f1bc3b31,69b1b200c29ca42626fc4cdc7d32551c9524e8f9
orgAInoid_RPE_Final,RPE_Final,E011,gates_full,0.15,90,67,4,0.0597014925373134,0.016504404320304724,0.14586323187313974,0.7444444444444445,0.0444444444444444,0.2203703703703703,56.13333333333333,48.0,2,2,True,False,20260929,2264d2f6ac2fde621c6218352e3ffe14e765700f89b99c6cc03a12c9f1bc3b31,69b1b200c29ca42626fc4cdc7d32551c9524e8f9
orgAInoid_RPE_Final,RPE_Final,E011,gates_full,0.2,90,83,16,0.1927710843373494,0.11439128625891702,0.29408598255302065,0.9222222222222224,0.0777777777777777,0.3074074074074074,49.86666666666667,48.0,7,9,True,False,20260929,2264d2f6ac2fde621c6218352e3ffe14e765700f89b99c6cc03a12c9f1bc3b31,69b1b200c29ca42626fc4cdc7d32551c9524e8f9
orgAInoid_RPE_Final,RPE_Final,E011,gates_full,0.3,90,86,36,0.4186046511627907,0.31303668861676587,0.5299429560562571,0.9555555555555556,0.0444444444444444,0.4777777777777778,37.6,36.0,8,28,True,False,20260929,2264d2f6ac2fde621c6218352e3ffe14e765700f89b99c6cc03a12c9f1bc3b31,69b1b200c29ca42626fc4cdc7d32551c9524e8f9
orgAInoid_RPE_Final,RPE_Final,E012,gates_full,0.02,77,0,0,0.0,,,0.0,0.0,0.0,72.0,72.0,0,0,True,False,20260929,2264d2f6ac2fde621c6218352e3ffe14e765700f89b99c6cc03a12c9f1bc3b31,69b1b200c29ca42626fc4cdc7d32551c9524e8f9
orgAInoid_RPE_Final,RPE_Final,E012,gates_full,0.05,77,43,6,0.1395348837209302,0.05297657386681719,0.27932480031414914,0.5584415584415584,0.0,0.1753246753246753,59.37662337662338,60.0,6,0,True,False,20260929,2264d2f6ac2fde621c6218352e3ffe14e765700f89b99c6cc03a12c9f1bc3b31,69b1b200c29ca42626fc4cdc7d32551c9524e8f9
orgAInoid_RPE_Final,RPE_Final,E012,gates_full,0.1,77,71,28,0.3943661971830985,0.28034763094420284,0.5174860053624962,0.922077922077922,0.0389610389610389,0.5584415584415583,31.79220779220779,24.0,26,2,True,False,20260929,2264d2f6ac2fde621c6218352e3ffe14e765700f89b99c6cc03a12c9f1bc3b31,69b1b200c29ca42626fc4cdc7d32551c9524e8f9
orgAInoid_RPE_Final,RPE_Final,E012,gates_full,0.15,77,74,33,0.4459459459459459,0.3302468186312487,0.5661058375371629,0.961038961038961,0.0389610389610389,0.6406926406926405,25.87012987012987,24.0,25,8,True,False,20260929,2264d2f6ac2fde621c6218352e3ffe14e765700f89b99c6cc03a12c9f1bc3b31,69b1b200c29ca42626fc4cdc7d32551c9524e8f9
orgAInoid_RPE_Final,RPE_Final,E012,gates_full,0.2,77,75,37,0.4933333333333333,0.37584816382870095,0.6113610214084807,0.974025974025974,0.0259740259740259,0.7770562770562771,16.051948051948052,12.0,7,30,True,False,20260929,2264d2f6ac2fde621c6218352e3ffe14e765700f89b99c6cc03a12c9f1bc3b31,69b1b200c29ca42626fc4cdc7d32551c9524e8f9
orgAInoid_RPE_Final,RPE_Final,E012,gates_full,0.3,77,75,41,0.5466666666666666,0.42747890922208487,0.6620557210953415,0.974025974025974,0.0259740259740259,0.8116883116883118,13.558441558441558,12.0,2,39,True,False,20260929,2264d2f6ac2fde621c6218352e3ffe14e765700f89b99c6cc03a12c9f1bc3b31,69b1b200c29ca42626fc4cdc7d32551c9524e8f9
orgAInoid_RPE_Final,RPE_Final,E001,gates_full_plus_experiment_gate,0.05,80,49,0,0.0,0.0,0.07251926366427738,0.6125,0.0,0.16666666666666663,60.0,60.0,0,0,True,True,20260929,35f7642203792bdde9190fbdcd6c7fd0fa1ebd3c74068197cfe71f1fbb0f75f3,38fa90b29c08545cb6e15e1778f1cd110c78a8ff
orgAInoid_RPE_Final,RPE_Final,E002,gates_full_plus_experiment_gate,0.05,92,25,0,0.0,0.0,0.13718517153071252,0.2717391304347826,0.03260869565217391,0.045289855072463754,68.73913043478261,72.0,0,0,True,True,20260929,35f7642203792bdde9190fbdcd6c7fd0fa1ebd3c74068197cfe71f1fbb0f75f3,38fa90b29c08545cb6e15e1778f1cd110c78a8ff
orgAInoid_RPE_Final,RPE_Final,E004,gates_full_plus_experiment_gate,0.05,96,52,0,0.0,0.0,0.06848220870331956,0.5416666666666666,0.0,0.09027777777777775,65.5,60.0,0,0,True,True,20260929,35f7642203792bdde9190fbdcd6c7fd0fa1ebd3c74068197cfe71f1fbb0f75f3,38fa90b29c08545cb6e15e1778f1cd110c78a8ff
orgAInoid_RPE_Final,RPE_Final,E005,gates_full_plus_experiment_gate,0.05,92,0,0,0.0,,,0.0,0.0,0.0,72.0,72.0,0,0,True,True,20260929,35f7642203792bdde9190fbdcd6c7fd0fa1ebd3c74068197cfe71f1fbb0f75f3,38fa90b29c08545cb6e15e1778f1cd110c78a8ff
orgAInoid_RPE_Final,RPE_Final,E006,gates_full_plus_experiment_gate,0.05,95,0,0,0.0,,,0.0,0.0,0.0,72.0,72.0,0,0,True,True,20260929,35f7642203792bdde9190fbdcd6c7fd0fa1ebd3c74068197cfe71f1fbb0f75f3,38fa90b29c08545cb6e15e1778f1cd110c78a8ff
orgAInoid_RPE_Final,RPE_Final,E007,gates_full_plus_experiment_gate,0.05,93,0,0,0.0,,,0.0,1.0,0.0,72.0,72.0,0,0,True,True,20260929,35f7642203792bdde9190fbdcd6c7fd0fa1ebd3c74068197cfe71f1fbb0f75f3,38fa90b29c08545cb6e15e1778f1cd110c78a8ff
orgAInoid_RPE_Final,RPE_Final,E008,gates_full_plus_experiment_gate,0.05,91,0,0,0.0,,,0.0,1.0,0.0,72.0,72.0,0,0,True,True,20260929,35f7642203792bdde9190fbdcd6c7fd0fa1ebd3c74068197cfe71f1fbb0f75f3,38fa90b29c08545cb6e15e1778f1cd110c78a8ff
orgAInoid_RPE_Final,RPE_Final,E009,gates_full_plus_experiment_gate,0.05,90,88,2,0.022727272727272728,0.002764327076169788,0.07969730897132152,0.9777777777777777,0.011111111111111112,0.27222222222222214,52.4,48.0,2,0,True,True,20260929,35f7642203792bdde9190fbdcd6c7fd0fa1ebd3c74068197cfe71f1fbb0f75f3,38fa90b29c08545cb6e15e1778f1cd110c78a8ff
orgAInoid_RPE_Final,RPE_Final,E010,gates_full_plus_experiment_gate,0.05,92,34,0,0.0,0.0,0.10281792425901262,0.3695652173913043,0.0,0.06159420289855071,67.56521739130434,72.0,0,0,True,True,20260929,35f7642203792bdde9190fbdcd6c7fd0fa1ebd3c74068197cfe71f1fbb0f75f3,38fa90b29c08545cb6e15e1778f1cd110c78a8ff
orgAInoid_RPE_Final,RPE_Final,E011,gates_full_plus_experiment_gate,0.05,90,24,0,0.0,0.0,0.14247359772252563,0.26666666666666666,0.011111111111111112,0.08888888888888889,65.6,72.0,0,0,True,True,20260929,35f7642203792bdde9190fbdcd6c7fd0fa1ebd3c74068197cfe71f1fbb0f75f3,38fa90b29c08545cb6e15e1778f1cd110c78a8ff
orgAInoid_RPE_Final,RPE_Final,E012,gates_full_plus_experiment_gate,0.05,77,43,6,0.13953488372093023,0.05297657386681719,0.27932480031414914,0.5584415584415584,0.0,0.17532467532467533,59.37662337662338,60.0,6,0,True,True,20260929,35f7642203792bdde9190fbdcd6c7fd0fa1ebd3c74068197cfe71f1fbb0f75f3,38fa90b29c08545cb6e15e1778f1cd110c78a8ff
orgAInoid_RPE_Final,RPE_Final,E001,gates_full_plus_experiment_gate,0.1,80,69,5,0.07246376811594203,0.023946620968704542,0.16106174027361292,0.8625,0.1375,0.53125,33.75,24.0,5,0,True,True,20260929,35f7642203792bdde9190fbdcd6c7fd0fa1ebd3c74068197cfe71f1fbb0f75f3,38fa90b29c08545cb6e15e1778f1cd110c78a8ff
orgAInoid_RPE_Final,RPE_Final,E002,gates_full_plus_experiment_gate,0.1,92,38,2,0.05263157894736842,0.0064387167150919125,0.1774905903476408,0.41304347826086957,0.03260869565217391,0.0688405797101449,67.04347826086956,72.0,0,2,True,True,20260929,35f7642203792bdde9190fbdcd6c7fd0fa1ebd3c74068197cfe71f1fbb0f75f3,38fa90b29c08545cb6e15e1778f1cd110c78a8ff
orgAInoid_RPE_Final,RPE_Final,E004,gates_full_plus_experiment_gate,0.1,96,0,0,0.0,,,0.0,1.0,0.0,72.0,72.0,0,0,True,True,20260929,35f7642203792bdde9190fbdcd6c7fd0fa1ebd3c74068197cfe71f1fbb0f75f3,38fa90b29c08545cb6e15e1778f1cd110c78a8ff
orgAInoid_RPE_Final,RPE_Final,E005,gates_full_plus_experiment_gate,0.1,92,0,0,0.0,,,0.0,1.0,0.0,72.0,72.0,0,0,True,True,20260929,35f7642203792bdde9190fbdcd6c7fd0fa1ebd3c74068197cfe71f1fbb0f75f3,38fa90b29c08545cb6e15e1778f1cd110c78a8ff
orgAInoid_RPE_Final,RPE_Final,E006,gates_full_plus_experiment_gate,0.1,95,0,0,0.0,,,0.0,1.0,0.0,72.0,72.0,0,0,True,True,20260929,35f7642203792bdde9190fbdcd6c7fd0fa1ebd3c74068197cfe71f1fbb0f75f3,38fa90b29c08545cb6e15e1778f1cd110c78a8ff
orgAInoid_RPE_Final,RPE_Final,E007,gates_full_plus_experiment_gate,0.1,93,67,26,0.3880597014925373,0.2713680542404899,0.5149818674332615,0.7204301075268817,0.27956989247311825,0.4301075268817204,41.03225806451613,24.0,8,18,True,True,20260929,35f7642203792bdde9190fbdcd6c7fd0fa1ebd3c74068197cfe71f1fbb0f75f3,38fa90b29c08545cb6e15e1778f1cd110c78a8ff
orgAInoid_RPE_Final,RPE_Final,E008,gates_full_plus_experiment_gate,0.1,91,80,3,0.0375,0.007801187265716697,0.10570198501650858,0.8791208791208791,0.03296703296703297,0.32783882783882773,48.395604395604394,48.0,3,0,True,True,20260929,35f7642203792bdde9190fbdcd6c7fd0fa1ebd3c74068197cfe71f1fbb0f75f3,38fa90b29c08545cb6e15e1778f1cd110c78a8ff
orgAInoid_RPE_Final,RPE_Final,E009,gates_full_plus_experiment_gate,0.1,90,88,11,0.125,0.0640831975470452,0.21266158728956466,0.9777777777777777,0.022222222222222223,0.4388888888888889,40.4,48.0,11,0,True,True,20260929,35f7642203792bdde9190fbdcd6c7fd0fa1ebd3c74068197cfe71f1fbb0f75f3,38fa90b29c08545cb6e15e1778f1cd110c78a8ff
orgAInoid_RPE_Final,RPE_Final,E010,gates_full_plus_experiment_gate,0.1,92,0,0,0.0,,,0.0,1.0,0.0,72.0,72.0,0,0,True,True,20260929,35f7642203792bdde9190fbdcd6c7fd0fa1ebd3c74068197cfe71f1fbb0f75f3,38fa90b29c08545cb6e15e1778f1cd110c78a8ff
orgAInoid_RPE_Final,RPE_Final,E011,gates_full_plus_experiment_gate,0.1,90,52,1,0.019230769230769232,0.00048676241549208335,0.10255354465211769,0.5777777777777777,0.022222222222222223,0.14629629629629626,61.46666666666667,60.0,1,0,True,True,20260929,35f7642203792bdde9190fbdcd6c7fd0fa1ebd3c74068197cfe71f1fbb0f75f3,38fa90b29c08545cb6e15e1778f1cd110c78a8ff
orgAInoid_RPE_Final,RPE_Final,E012,gates_full_plus_experiment_gate,0.1,77,71,28,0.39436619718309857,0.28034763094420284,0.5174860053624962,0.922077922077922,0.03896103896103896,0.5584415584415583,31.792207792207794,24.0,26,2,True,True,20260929,35f7642203792bdde9190fbdcd6c7fd0fa1ebd3c74068197cfe71f1fbb0f75f3,38fa90b29c08545cb6e15e1778f1cd110c78a8ff
