method,parameter,independent_units,independent_groups,stopped_early,incorrect_early,EESR,observation_savings,coverage,EESR_group_bootstrap_lower,EESR_group_bootstrap_upper,observation_savings_group_bootstrap_lower,observation_savings_group_bootstrap_upper,coverage_group_bootstrap_lower,coverage_group_bootstrap_upper
calibrated_non_group,0.02,988,11,429,38,0.0885780885780885,0.1312415654520917,0.4342105263157895,0.0117917591564927,0.2075598328479168,0.0632379132307404,0.20697305898467,0.2353983463035019,0.6396072456270814
calibrated_non_group,0.05,988,11,644,58,0.0900621118012422,0.1978744939271255,0.6518218623481782,0.0321448409646379,0.1759233677608058,0.1255554925682375,0.2684812355726897,0.4636840996629754,0.7983348358158322
calibrated_non_group,0.1,988,11,818,141,0.1723716381418092,0.4274628879892037,0.8279352226720648,0.1011560193970061,0.2516090425937388,0.3436568927817627,0.5136294030075877,0.7296348837209302,0.9231647482176624
calibrated_non_group,0.15,988,11,933,182,0.195069667738478,0.5293522267206477,0.944331983805668,0.116487591497593,0.2813663505444326,0.4447084626617423,0.6123789764868602,0.8951496081331651,0.9827064414146176
calibrated_non_group,0.2,988,11,970,253,0.2608247422680412,0.6219635627530364,0.9817813765182186,0.1952959300236508,0.3346875571302962,0.5535202569169961,0.6911329936644052,0.952426966822408,1.0
calibrated_non_group,0.3,988,11,984,294,0.298780487804878,0.7542172739541161,0.9959514170040484,0.2410171198388721,0.3645816339492583,0.7136965874429002,0.790488681628291,0.987792472024415,1.0
cbes_style,0.02,988,11,227,35,0.1541850220264317,0.0929487179487179,0.2297570850202429,0.1011235955056179,0.208955223880597,0.0,0.1913209736268527,0.0,0.4738966473175935
cbes_style,0.05,988,11,445,69,0.1550561797752809,0.1531713900134952,0.4504048582995951,0.0782774610737684,0.2516778523489933,0.057887053720387,0.2600853025435516,0.1927555262371801,0.7040261551641053
cbes_style,0.1,988,11,576,128,0.2222222222222222,0.2646761133603239,0.582995951417004,0.1176867146792925,0.331277409250046,0.1163475628930817,0.4272686704343796,0.3196879144247565,0.8505932903480559
cbes_style,0.15,988,11,669,156,0.2331838565022421,0.3999662618083671,0.6771255060728745,0.1511160060125355,0.3252209440110594,0.2414072632944228,0.5502541210895606,0.4132987903225806,0.9279955305450396
cbes_style,0.2,988,11,762,166,0.2178477690288714,0.4922402159244263,0.771255060728745,0.1460333777217557,0.2958517744447176,0.3233003449171621,0.648309800794321,0.5089091404228832,0.9678152599936154
cbes_style,0.3,988,11,864,180,0.2083333333333333,0.5713562753036437,0.8744939271255061,0.1439174986862848,0.2829436571520591,0.414812080733082,0.6977346535760163,0.6822664573095946,0.9849598370934648
fixed_time,12.0,988,11,984,344,0.3495934959349593,0.8299595141700404,0.9959514170040484,0.2769219066937119,0.4216555111042724,0.8232013641847051,0.8333333333333333,0.9878416370216464,1.0
fixed_time,24.0,988,11,984,257,0.2611788617886179,0.6639676113360323,0.9959514170040484,0.2021984291984292,0.319215232463074,0.6585446329082579,0.6666666666666667,0.9878169493623872,1.0
fixed_time,36.0,988,11,984,256,0.2601626016260163,0.4979757085020243,0.9959514170040484,0.1714848524242467,0.3503242153443766,0.493858593972851,0.5,0.987717187945702,1.0
fixed_time,48.0,988,11,984,169,0.1717479674796748,0.3319838056680161,0.9959514170040484,0.0960298070666337,0.2527498983387802,0.329276435237144,0.3333333333333333,0.987829305711432,1.0
fixed_time,60.0,988,11,984,136,0.1382113821138211,0.165991902834008,0.9959514170040484,0.0807957080672537,0.2032867824739897,0.1646258503401359,0.1666666666666665,0.9877551020408164,1.0
gates_full,0.02,988,11,256,7,0.02734375,0.0700067476383265,0.2591093117408907,0.0,0.0591506520247082,0.0220812037800137,0.12496819019783,0.0803939018727751,0.4668057847082494
gates_full,0.05,988,11,439,25,0.0569476082004555,0.1226383265856949,0.444331983805668,0.0068015719801434,0.1259538645101418,0.0673550851063552,0.1798036783412739,0.2705758512890162,0.6151651839495875
gates_full,0.1,988,11,580,76,0.1310344827586207,0.2363360323886639,0.5870445344129555,0.0356429341723459,0.2401701852176966,0.1226677330392509,0.3519264073883166,0.3871579641019204,0.7732652260620018
gates_full,0.15,988,11,740,120,0.1621621621621621,0.3527327935222672,0.7489878542510121,0.0830739576232559,0.2592127772534213,0.2517157226969276,0.461379070528555,0.5978004001809923,0.8831134020618555
gates_full,0.2,988,11,809,177,0.2187886279357231,0.4397773279352226,0.8188259109311741,0.1386380541912336,0.3103066485753052,0.3268112272350857,0.5641899268767994,0.6511833054529113,0.9468909945974416
gates_full,0.3,988,11,884,271,0.3065610859728507,0.5968286099865047,0.8947368421052632,0.2386233854204095,0.3833186095360162,0.5049579009010339,0.6910386174725668,0.7965914446479871,0.9639963765368916
gates_without_ood,0.02,988,11,272,12,0.0441176470588235,0.0765856950067476,0.2753036437246963,0.0109202879694682,0.106486111111111,0.0248147651712001,0.1347078253041555,0.0927929713697272,0.4911176085973295
gates_without_ood,0.05,988,11,477,41,0.0859538784067086,0.1364709851551956,0.4827935222672064,0.0105631480173919,0.2040949764521192,0.0700951736415959,0.2223107843910819,0.3001952358346126,0.6752101819032439
gates_without_ood,0.1,988,11,630,89,0.1412698412698412,0.2607962213225371,0.6376518218623481,0.0414448765355782,0.2509267390708841,0.1323646134329982,0.4011364386584006,0.4105126834547566,0.8499019951896328
gates_without_ood,0.15,988,11,826,144,0.1743341404358353,0.4082321187584344,0.8360323886639676,0.0931748880654624,0.2693371155155218,0.3026618072892599,0.518049743306485,0.7168670194236568,0.9496506089496096
gates_without_ood,0.2,988,11,892,204,0.2286995515695067,0.4956140350877193,0.902834008097166,0.1470886639171326,0.3135320752594425,0.3910552074767913,0.6125716548007779,0.7754074535528225,0.9979386181986668
gates_without_ood,0.3,988,11,977,305,0.3121801432958034,0.6685222672064778,0.9888663967611336,0.2473622209975199,0.3784185905699441,0.5762766000455982,0.7556042800121097,0.976668657731762,1.0
naive_confidence,0.5,988,11,984,344,0.3495934959349593,0.8299595141700404,0.9959514170040484,0.2814607335784397,0.4237531236929879,0.8231704732484759,0.8333333333333333,0.9878045678981714,1.0
naive_confidence,0.6,988,11,984,277,0.2815040650406504,0.7805330634278004,0.9959514170040484,0.2197641386711762,0.3459580859774821,0.7624389624860713,0.7956765602274525,0.987704602774275,1.0
naive_confidence,0.7,988,11,962,214,0.2224532224532224,0.6912955465587044,0.9736842105263158,0.1624203821656051,0.2906986031651683,0.6460757890334711,0.7323568383643421,0.9519405609466436,0.9910269192422732
naive_confidence,0.8,988,11,918,169,0.1840958605664488,0.5723684210526315,0.9291497975708504,0.1102737068542129,0.2685365974755793,0.5098110417861218,0.6334028153646573,0.8741017911975435,0.971859296482412
naive_confidence,0.9,988,11,772,109,0.1411917098445596,0.3905195681511471,0.7813765182186235,0.0740253982738299,0.225705363327474,0.3225844690387824,0.4592140465341065,0.6808830399291896,0.8607708801296288
naive_confidence,0.95,988,11,580,63,0.1086206896551724,0.2501686909581646,0.5870445344129555,0.05,0.181673258303693,0.1941789694698787,0.3059884583429159,0.4724096093060057,0.6805424530715587
naive_confidence,0.975,988,11,353,37,0.1048158640226629,0.1417004048582995,0.3572874493927125,0.055086789419478,0.1676872822299651,0.0968340773077956,0.1933910217806386,0.2759258169732251,0.4327400254747283
naive_confidence,0.99,988,11,146,20,0.136986301369863,0.0587044534412955,0.1477732793522267,0.070630055611729,0.2153879310344827,0.029674396203799,0.0941331969817946,0.0890400684931506,0.2070778004766768
