fold,decision_time,train_replicate,calibration_replicate,test_replicate,confidence_threshold,calibration_stops,calibration_errors,empirical_risk,upper_risk,certified,ood_threshold
0,0,0,1,2,1.01,0,0,0.0,1.0,False,1.019858303857065
0,4,0,1,2,0.7062009802959011,5,1,0.2,0.6574083180011386,False,1.8351575407270255
0,8,0,1,2,1.01,0,0,0.0,1.0,False,1.91163320645158
0,12,0,1,2,1.01,0,0,0.0,1.0,False,2.059391811232935
0,16,0,1,2,1.01,0,0,0.0,1.0,False,2.001249797059373
0,20,0,1,2,0.621075374698578,5,1,0.2,0.6574083180011386,False,1.9312176960974972
0,24,0,1,2,0.7768377327695035,5,1,0.2,0.6574083180011386,False,1.891267283128753
0,28,0,1,2,0.6795052980312866,6,1,0.16666666666666666,0.5818034092520259,False,1.848129550492604
0,32,0,1,2,0.8082064561549444,6,1,0.16666666666666666,0.5818034092520259,False,1.9699199351709313
0,36,0,1,2,0.5557481209544772,7,1,0.14285714285714285,0.5207029735913071,False,1.82551342189183
0,40,0,1,2,0.5026652893101015,7,1,0.14285714285714285,0.5207029735913071,False,1.9517195292537775
0,44,0,1,2,0.5448592642553487,7,0,0.0,0.34816365513116077,False,1.776120105346875
0,48,0,1,2,0.5904532673023914,7,0,0.0,0.34816365513116077,False,1.5161612227526615
0,52,0,1,2,0.6827060554742507,7,0,0.0,0.34816365513116077,False,1.4425059983364286
0,56,0,1,2,0.6626567048677465,7,0,0.0,0.34816365513116077,False,1.5476226938498892
0,60,0,1,2,0.7224345874253288,7,0,0.0,0.34816365513116077,False,1.514484577424964
0,64,0,1,2,0.7305575867618065,7,0,0.0,0.34816365513116077,False,1.4255304820912296
0,68,0,1,2,0.6869176314999684,7,0,0.0,0.34816365513116077,False,1.6845041117047548
0,72,0,1,2,0.6381335662821785,7,0,0.0,0.34816365513116077,False,1.4792918084571802
1,0,1,2,0,0.6508544044725526,5,1,0.2,0.6574083180011386,False,1.1279261628883455
1,4,1,2,0,1.01,0,0,0.0,1.0,False,2.143720338209226
1,8,1,2,0,0.904948599509089,5,1,0.2,0.6574083180011386,False,2.0361694407668316
1,12,1,2,0,0.854694802542437,3,0,0.0,0.6315968501359612,False,2.012665389340003
1,16,1,2,0,1.01,0,0,0.0,1.0,False,2.1945521928186893
1,20,1,2,0,0.677100889905756,7,1,0.14285714285714285,0.5207029735913071,False,2.213059078690208
1,24,1,2,0,0.5126926567525105,7,1,0.14285714285714285,0.5207029735913071,False,2.0551368399022762
1,28,1,2,0,0.7184194349161558,7,1,0.14285714285714285,0.5207029735913071,False,2.3147899817095405
1,32,1,2,0,0.6567562152016608,7,1,0.14285714285714285,0.5207029735913071,False,2.3891396269320895
1,36,1,2,0,0.5666418555519621,7,0,0.0,0.34816365513116077,False,1.9380989295356545
1,40,1,2,0,0.6284642116515702,7,0,0.0,0.34816365513116077,False,1.8849681695670488
1,44,1,2,0,0.7517939253130982,7,0,0.0,0.34816365513116077,False,1.7704504617769556
1,48,1,2,0,0.6610512611161147,7,0,0.0,0.34816365513116077,False,1.8811548943663507
1,52,1,2,0,0.7819433816974318,7,0,0.0,0.34816365513116077,False,1.8139464860272798
1,56,1,2,0,0.7977024113884572,7,0,0.0,0.34816365513116077,False,1.8302241967639974
1,60,1,2,0,0.7530086126146575,7,0,0.0,0.34816365513116077,False,1.9299263074709723
1,64,1,2,0,0.6325700163163885,7,0,0.0,0.34816365513116077,False,1.8907827553681251
1,68,1,2,0,0.6516799829237031,7,0,0.0,0.34816365513116077,False,1.8317626863022218
1,72,1,2,0,0.7009127514552415,7,0,0.0,0.34816365513116077,False,1.7678235974598104
2,0,2,0,1,1.01,0,0,0.0,1.0,False,1.3951027453005052
2,4,2,0,1,1.01,0,0,0.0,1.0,False,1.9807274141004716
2,8,2,0,1,1.01,0,0,0.0,1.0,False,2.185990522033629
2,12,2,0,1,0.6589373066549026,5,1,0.2,0.6574083180011386,False,1.9304453253360574
2,16,2,0,1,0.6814459146700114,3,0,0.0,0.6315968501359612,False,1.9834728606734155
2,20,2,0,1,0.5395946617021806,7,1,0.14285714285714285,0.5207029735913071,False,1.9683326821918157
2,24,2,0,1,0.5351611257080844,7,0,0.0,0.34816365513116077,False,1.926921630184903
2,28,2,0,1,0.5652540174030162,7,1,0.14285714285714285,0.5207029735913071,False,1.8904369259514162
2,32,2,0,1,0.6300003589168892,7,0,0.0,0.34816365513116077,False,1.9589972426057014
2,36,2,0,1,0.734337742279001,7,0,0.0,0.34816365513116077,False,1.762400522466105
2,40,2,0,1,0.7072617746513721,7,0,0.0,0.34816365513116077,False,1.4885045407897142
2,44,2,0,1,0.7116181657309373,7,0,0.0,0.34816365513116077,False,1.5528778631124696
2,48,2,0,1,0.6250536667348595,7,0,0.0,0.34816365513116077,False,1.3769877351580035
2,52,2,0,1,0.5983055389794101,7,0,0.0,0.34816365513116077,False,1.4699529432142988
2,56,2,0,1,0.5382263724706671,7,0,0.0,0.34816365513116077,False,1.4807991419619309
2,60,2,0,1,0.50739122293203,7,1,0.14285714285714285,0.5207029735913071,False,1.3768478854847295
2,64,2,0,1,0.5483844892650663,7,1,0.14285714285714285,0.5207029735913071,False,1.670663623622739
2,68,2,0,1,0.5043054025006186,7,0,0.0,0.34816365513116077,False,1.7577183314107407
2,72,2,0,1,0.5895271197427461,7,1,0.14285714285714285,0.5207029735913071,False,1.626554118570819
