fold,unit_id,dosage,replicate,viability,label,decision_time,probability_response,prediction,confidence,confidence_threshold,calibration_certified,ood_score,ood_threshold,is_ood,policy_decision,decision,observations_saved
1,dose=0|rep=0,0.0,0,0.905,0,32,0.10146214501449166,0,0.8985378549855083,0.6567562152016608,False,1.0341473565804364,2.3891396269320895,False,STOP,STOP,10
2,dose=0|rep=1,0.0,1,0.889,0,32,0.12569392981471497,0,0.8743060701852851,0.6300003589168892,False,0.4976712768463901,1.9589972426057014,False,STOP,STOP,10
0,dose=0|rep=2,0.0,2,0.802,0,32,0.1572072438465661,0,0.8427927561534339,0.8082064561549444,False,0.9734061493061456,1.9699199351709313,False,STOP,STOP,10
1,dose=1000|rep=0,1000.0,0,0.223,1,32,0.8542763521341479,1,0.8542763521341479,0.6567562152016608,False,0.8833376063562158,2.3891396269320895,False,STOP,STOP,10
2,dose=1000|rep=1,1000.0,1,0.245,1,32,0.9050304084704851,1,0.9050304084704851,0.6300003589168892,False,0.68846116195857,1.9589972426057014,False,STOP,STOP,10
0,dose=1000|rep=2,1000.0,2,0.233,1,32,0.8660811782028784,1,0.8660811782028784,0.8082064561549444,False,0.7265255583701224,1.9699199351709313,False,STOP,STOP,10
1,dose=100|rep=0,100.0,0,0.231,1,32,0.7740802773660365,1,0.7740802773660365,0.6567562152016608,False,1.147158906288506,2.3891396269320895,False,STOP,STOP,10
2,dose=100|rep=1,100.0,1,0.246,1,32,0.918160108802377,1,0.918160108802377,0.6300003589168892,False,0.5110684288628222,1.9589972426057014,False,STOP,STOP,10
0,dose=100|rep=2,100.0,2,0.251,1,32,0.8395269974702865,1,0.8395269974702865,0.8082064561549444,False,1.028574441835812,1.9699199351709313,False,STOP,STOP,10
1,dose=10|rep=0,10.0,0,0.867,0,32,0.2517143779229227,0,0.7482856220770773,0.6567562152016608,False,1.160818750482756,2.3891396269320895,False,STOP,STOP,10
2,dose=10|rep=1,10.0,1,0.959,0,36,0.18953933267759526,0,0.8104606673224047,0.734337742279001,False,0.587861972086754,1.762400522466105,False,STOP,STOP,9
0,dose=10|rep=2,10.0,2,0.904,0,32,0.015423089505682032,0,0.984576910494318,0.8082064561549444,False,1.4788462107659979,1.9699199351709313,False,STOP,STOP,10
1,dose=300|rep=0,300.0,0,0.238,1,32,0.688766499828788,1,0.688766499828788,0.6567562152016608,False,1.055517050018701,2.3891396269320895,False,STOP,STOP,10
2,dose=300|rep=1,300.0,1,0.23,1,32,0.9315043907047322,1,0.9315043907047322,0.6300003589168892,False,0.6023273870179499,1.9589972426057014,False,STOP,STOP,10
0,dose=300|rep=2,300.0,2,0.197,1,36,0.905748783790319,1,0.905748783790319,0.5557481209544772,False,1.947853527855683,1.82551342189183,True,ABSTAIN,ABSTAIN,9
1,dose=30|rep=0,30.0,0,0.231,1,32,0.20057142206631992,0,0.79942857793368,0.6567562152016608,False,1.111629488857181,2.3891396269320895,False,STOP,STOP,10
2,dose=30|rep=1,30.0,1,0.257,1,48,0.7961151738759146,1,0.7961151738759146,0.6250536667348595,False,0.5487734805578872,1.3769877351580035,False,STOP,STOP,6
0,dose=30|rep=2,30.0,2,0.267,1,36,0.7281395418982505,1,0.7281395418982505,0.5557481209544772,False,0.5717819488024679,1.82551342189183,False,STOP,STOP,9
1,dose=3|rep=0,3.0,0,0.753,0,32,0.15972561926383674,0,0.8402743807361632,0.6567562152016608,False,0.9125787685702257,2.3891396269320895,False,STOP,STOP,10
2,dose=3|rep=1,3.0,1,1.004,0,32,0.8512084030154755,1,0.8512084030154755,0.6300003589168892,False,1.1114699316488215,1.9589972426057014,False,STOP,STOP,10
0,dose=3|rep=2,3.0,2,0.851,0,36,0.10821547230145927,0,0.8917845276985408,0.5557481209544772,False,1.1344185862125777,1.82551342189183,False,STOP,STOP,9
