decision_time,balanced_accuracy,auroc,brier
0.0,0.41666666666666663,0.49074074074074076,0.31294264501510977
4.0,0.4722222222222222,0.47222222222222227,0.33961494620214244
8.0,0.5,0.39814814814814814,0.39891365113560007
12.0,0.5694444444444444,0.5925925925925926,0.29040330948719106
16.0,0.5833333333333333,0.5925925925925927,0.2993424686945064
20.0,0.7361111111111112,0.787037037037037,0.20555060039775566
24.0,0.7361111111111112,0.8055555555555556,0.18140277105348904
28.0,0.7777777777777777,0.8425925925925926,0.16870568738321742
32.0,0.8194444444444444,0.9074074074074074,0.126432084667138
36.0,0.8611111111111112,0.9814814814814814,0.06778533854954215
40.0,0.9027777777777777,0.9907407407407407,0.055467263670001016
44.0,1.0,1.0,0.04604694754937357
48.0,0.9444444444444444,1.0,0.034224174641982116
52.0,1.0,1.0,0.02959718606945431
56.0,1.0,1.0,0.036797317226404176
60.0,1.0,1.0,0.04057511538769045
64.0,1.0,1.0,0.041376016105871105
68.0,0.9583333333333333,1.0,0.04354467472464341
72.0,0.9583333333333333,1.0,0.043136314666331305
