fold,unit_id,dosage,replicate,viability,label,decision_time,probability_response,prediction,confidence,confidence_threshold,calibration_certified,ood_score,ood_threshold,is_ood,policy_decision,decision
1,dose=0|rep=0,0.0,0,0.905,0,0,0.09731564339809384,0,0.9026843566019062,0.6508544044725526,False,1.1908702803393205,1.1279261628883455,True,ABSTAIN,CONTINUE
1,dose=0|rep=0,0.0,0,0.905,0,4,0.11396132653825175,0,0.8860386734617482,1.01,False,1.2159213518581014,2.143720338209226,False,CONTINUE,CONTINUE
1,dose=0|rep=0,0.0,0,0.905,0,8,0.801478122053821,1,0.801478122053821,0.904948599509089,False,1.2203462495424489,2.0361694407668316,False,CONTINUE,CONTINUE
1,dose=0|rep=0,0.0,0,0.905,0,12,0.36607381618761886,0,0.6339261838123811,0.854694802542437,False,1.0420023553526454,2.012665389340003,False,CONTINUE,CONTINUE
1,dose=0|rep=0,0.0,0,0.905,0,16,0.36118463147381674,0,0.6388153685261833,1.01,False,1.493693791583307,2.1945521928186893,False,CONTINUE,CONTINUE
1,dose=0|rep=0,0.0,0,0.905,0,20,0.2560647027155271,0,0.7439352972844728,0.677100889905756,False,1.1428494377595815,2.213059078690208,False,STOP,CONTINUE
1,dose=0|rep=0,0.0,0,0.905,0,24,0.2315579559430767,0,0.7684420440569233,0.5126926567525105,False,1.041073066511541,2.0551368399022762,False,STOP,CONTINUE
1,dose=0|rep=0,0.0,0,0.905,0,28,0.19169818017182672,0,0.8083018198281733,0.7184194349161558,False,1.0856001609406198,2.3147899817095405,False,STOP,CONTINUE
1,dose=0|rep=0,0.0,0,0.905,0,32,0.10146214501449166,0,0.8985378549855083,0.6567562152016608,False,1.0341473565804364,2.3891396269320895,False,STOP,STOP
1,dose=0|rep=0,0.0,0,0.905,0,36,0.0686621774586806,0,0.9313378225413194,0.5666418555519621,False,0.7004754807820808,1.9380989295356545,False,STOP,STOP
1,dose=0|rep=0,0.0,0,0.905,0,40,0.07407327980975323,0,0.9259267201902468,0.6284642116515702,False,0.6166341086665736,1.8849681695670488,False,STOP,STOP
1,dose=0|rep=0,0.0,0,0.905,0,44,0.050216667021839356,0,0.9497833329781606,0.7517939253130982,False,0.7164103333033017,1.7704504617769556,False,STOP,STOP
1,dose=0|rep=0,0.0,0,0.905,0,48,0.026853707160986517,0,0.9731462928390134,0.6610512611161147,False,0.7249620328958706,1.8811548943663507,False,STOP,STOP
1,dose=0|rep=0,0.0,0,0.905,0,52,0.03396976280934114,0,0.9660302371906588,0.7819433816974318,False,0.7901024649481921,1.8139464860272798,False,STOP,STOP
1,dose=0|rep=0,0.0,0,0.905,0,56,0.023529171441331948,0,0.9764708285586681,0.7977024113884572,False,0.8279338080221222,1.8302241967639974,False,STOP,STOP
1,dose=0|rep=0,0.0,0,0.905,0,60,0.010670822923311361,0,0.9893291770766887,0.7530086126146575,False,1.1445753758545119,1.9299263074709723,False,STOP,STOP
1,dose=0|rep=0,0.0,0,0.905,0,64,0.013688066374742357,0,0.9863119336252576,0.6325700163163885,False,1.2006954390776161,1.8907827553681251,False,STOP,STOP
1,dose=0|rep=0,0.0,0,0.905,0,68,0.012934070790139108,0,0.9870659292098609,0.6516799829237031,False,1.1387560505167957,1.8317626863022218,False,STOP,STOP
1,dose=0|rep=0,0.0,0,0.905,0,72,0.012160257188869596,0,0.9878397428111304,0.7009127514552415,False,1.0771361188606623,1.7678235974598104,False,STOP,STOP
2,dose=0|rep=1,0.0,1,0.889,0,0,0.5302965312575588,1,0.5302965312575588,1.01,False,0.6105616751926923,1.3951027453005052,False,CONTINUE,CONTINUE
2,dose=0|rep=1,0.0,1,0.889,0,4,0.6296480362874614,1,0.6296480362874614,1.01,False,0.8381036849616899,1.9807274141004716,False,CONTINUE,CONTINUE
2,dose=0|rep=1,0.0,1,0.889,0,8,0.5813008087964617,1,0.5813008087964617,1.01,False,0.7487952694056654,2.185990522033629,False,CONTINUE,CONTINUE
2,dose=0|rep=1,0.0,1,0.889,0,12,0.36170983617044833,0,0.6382901638295517,0.6589373066549026,False,0.7352710281778259,1.9304453253360574,False,CONTINUE,CONTINUE
2,dose=0|rep=1,0.0,1,0.889,0,16,0.121423385087194,0,0.878576614912806,0.6814459146700114,False,0.7066748745494472,1.9834728606734155,False,STOP,CONTINUE
2,dose=0|rep=1,0.0,1,0.889,0,20,0.1464726548786608,0,0.8535273451213392,0.5395946617021806,False,1.0597729176840325,1.9683326821918157,False,STOP,CONTINUE
2,dose=0|rep=1,0.0,1,0.889,0,24,0.17269052702415094,0,0.827309472975849,0.5351611257080844,False,0.8976595150442032,1.926921630184903,False,STOP,CONTINUE
2,dose=0|rep=1,0.0,1,0.889,0,28,0.12546957299427602,0,0.8745304270057239,0.5652540174030162,False,0.6086822486727633,1.8904369259514162,False,STOP,CONTINUE
2,dose=0|rep=1,0.0,1,0.889,0,32,0.12569392981471497,0,0.8743060701852851,0.6300003589168892,False,0.4976712768463901,1.9589972426057014,False,STOP,STOP
2,dose=0|rep=1,0.0,1,0.889,0,36,0.12787186660860503,0,0.8721281333913949,0.734337742279001,False,0.45744651611585624,1.762400522466105,False,STOP,STOP
2,dose=0|rep=1,0.0,1,0.889,0,40,0.10896617179440826,0,0.8910338282055917,0.7072617746513721,False,0.5308608312399808,1.4885045407897142,False,STOP,STOP
2,dose=0|rep=1,0.0,1,0.889,0,44,0.12506828851019094,0,0.8749317114898091,0.7116181657309373,False,0.35034960229979667,1.5528778631124696,False,STOP,STOP
2,dose=0|rep=1,0.0,1,0.889,0,48,0.101662723210578,0,0.898337276789422,0.6250536667348595,False,0.47393773269540945,1.3769877351580035,False,STOP,STOP
2,dose=0|rep=1,0.0,1,0.889,0,52,0.1114524341041838,0,0.8885475658958162,0.5983055389794101,False,0.3539193944167225,1.4699529432142988,False,STOP,STOP
2,dose=0|rep=1,0.0,1,0.889,0,56,0.09107372923625842,0,0.9089262707637416,0.5382263724706671,False,0.39895015821000135,1.4807991419619309,False,STOP,STOP
2,dose=0|rep=1,0.0,1,0.889,0,60,0.10422452096345751,0,0.8957754790365425,0.50739122293203,False,0.34261398319528696,1.3768478854847295,False,STOP,STOP
2,dose=0|rep=1,0.0,1,0.889,0,64,0.12084712432060346,0,0.8791528756793965,0.5483844892650663,False,0.5032241497585813,1.670663623622739,False,STOP,STOP
2,dose=0|rep=1,0.0,1,0.889,0,68,0.11672576906102732,0,0.8832742309389727,0.5043054025006186,False,0.47161556824545847,1.7577183314107407,False,STOP,STOP
2,dose=0|rep=1,0.0,1,0.889,0,72,0.07444888230875105,0,0.925551117691249,0.5895271197427461,False,0.3941583499526537,1.626554118570819,False,STOP,STOP
0,dose=0|rep=2,0.0,2,0.802,0,0,0.5086564248585523,1,0.5086564248585523,1.01,False,0.4554623977876569,1.019858303857065,False,CONTINUE,CONTINUE
0,dose=0|rep=2,0.0,2,0.802,0,4,0.8295408534923173,1,0.8295408534923173,0.7062009802959011,False,1.2006422552709948,1.8351575407270255,False,STOP,CONTINUE
0,dose=0|rep=2,0.0,2,0.802,0,8,0.35524635711769176,0,0.6447536428823082,1.01,False,1.155237543061294,1.91163320645158,False,CONTINUE,CONTINUE
0,dose=0|rep=2,0.0,2,0.802,0,12,0.09775586724838049,0,0.9022441327516195,1.01,False,1.1169907262200178,2.059391811232935,False,CONTINUE,CONTINUE
0,dose=0|rep=2,0.0,2,0.802,0,16,0.5634974306209803,1,0.5634974306209803,1.01,False,1.0409723591824647,2.001249797059373,False,CONTINUE,CONTINUE
0,dose=0|rep=2,0.0,2,0.802,0,20,0.438095816590142,0,0.5619041834098579,0.621075374698578,False,0.9944303907907034,1.9312176960974972,False,CONTINUE,CONTINUE
0,dose=0|rep=2,0.0,2,0.802,0,24,0.2809087315996289,0,0.7190912684003711,0.7768377327695035,False,0.9904605390941706,1.891267283128753,False,CONTINUE,CONTINUE
0,dose=0|rep=2,0.0,2,0.802,0,28,0.3448414550329998,0,0.6551585449670002,0.6795052980312866,False,0.8697209599351037,1.848129550492604,False,CONTINUE,CONTINUE
0,dose=0|rep=2,0.0,2,0.802,0,32,0.1572072438465661,0,0.8427927561534339,0.8082064561549444,False,0.9734061493061456,1.9699199351709313,False,STOP,STOP
0,dose=0|rep=2,0.0,2,0.802,0,36,0.08044917335041811,0,0.9195508266495819,0.5557481209544772,False,1.03158497463374,1.82551342189183,False,STOP,STOP
0,dose=0|rep=2,0.0,2,0.802,0,40,0.09427402788647182,0,0.9057259721135282,0.5026652893101015,False,0.9520853886709586,1.9517195292537775,False,STOP,STOP
0,dose=0|rep=2,0.0,2,0.802,0,44,0.066702520184398,0,0.933297479815602,0.5448592642553487,False,0.8095413112163566,1.776120105346875,False,STOP,STOP
0,dose=0|rep=2,0.0,2,0.802,0,48,0.10054420733570277,0,0.8994557926642972,0.5904532673023914,False,0.642064646648012,1.5161612227526615,False,STOP,STOP
0,dose=0|rep=2,0.0,2,0.802,0,52,0.05713040226699043,0,0.9428695977330096,0.6827060554742507,False,0.8592309804831915,1.4425059983364286,False,STOP,STOP
0,dose=0|rep=2,0.0,2,0.802,0,56,0.04819324010363233,0,0.9518067598963676,0.6626567048677465,False,0.801200752138089,1.5476226938498892,False,STOP,STOP
0,dose=0|rep=2,0.0,2,0.802,0,60,0.0395365341419143,0,0.9604634658580857,0.7224345874253288,False,0.7513137059221499,1.514484577424964,False,STOP,STOP
0,dose=0|rep=2,0.0,2,0.802,0,64,0.04121464622922982,0,0.9587853537707702,0.7305575867618065,False,0.6440185056284174,1.4255304820912296,False,STOP,STOP
0,dose=0|rep=2,0.0,2,0.802,0,68,0.031383817654164134,0,0.9686161823458359,0.6869176314999684,False,0.8467057197812125,1.6845041117047548,False,STOP,STOP
0,dose=0|rep=2,0.0,2,0.802,0,72,0.01479482210522528,0,0.9852051778947747,0.6381335662821785,False,0.8312119101657166,1.4792918084571802,False,STOP,STOP
1,dose=1000|rep=0,1000.0,0,0.223,1,0,0.642639940562561,1,0.642639940562561,0.6508544044725526,False,0.8128256736558835,1.1279261628883455,False,CONTINUE,CONTINUE
1,dose=1000|rep=0,1000.0,0,0.223,1,4,0.4837367082499281,0,0.5162632917500719,1.01,False,0.9265974004977242,2.143720338209226,False,CONTINUE,CONTINUE
1,dose=1000|rep=0,1000.0,0,0.223,1,8,0.9681584984454311,1,0.9681584984454311,0.904948599509089,False,2.237744098691612,2.0361694407668316,True,ABSTAIN,CONTINUE
1,dose=1000|rep=0,1000.0,0,0.223,1,12,0.6391158123749595,1,0.6391158123749595,0.854694802542437,False,1.7769750954150956,2.012665389340003,False,CONTINUE,CONTINUE
1,dose=1000|rep=0,1000.0,0,0.223,1,16,0.5146737900757764,1,0.5146737900757764,1.01,False,1.3310125826669803,2.1945521928186893,False,CONTINUE,CONTINUE
1,dose=1000|rep=0,1000.0,0,0.223,1,20,0.5621594618589405,1,0.5621594618589405,0.677100889905756,False,1.184687421500085,2.213059078690208,False,CONTINUE,CONTINUE
1,dose=1000|rep=0,1000.0,0,0.223,1,24,0.7542506213344167,1,0.7542506213344167,0.5126926567525105,False,0.9986384255700156,2.0551368399022762,False,STOP,CONTINUE
1,dose=1000|rep=0,1000.0,0,0.223,1,28,0.7218843771131933,1,0.7218843771131933,0.7184194349161558,False,0.9335468853265523,2.3147899817095405,False,STOP,CONTINUE
1,dose=1000|rep=0,1000.0,0,0.223,1,32,0.8542763521341479,1,0.8542763521341479,0.6567562152016608,False,0.8833376063562158,2.3891396269320895,False,STOP,STOP
1,dose=1000|rep=0,1000.0,0,0.223,1,36,0.879261957402536,1,0.879261957402536,0.5666418555519621,False,0.7694863916955681,1.9380989295356545,False,STOP,STOP
1,dose=1000|rep=0,1000.0,0,0.223,1,40,0.8933828651831571,1,0.8933828651831571,0.6284642116515702,False,0.7275046879699937,1.8849681695670488,False,STOP,STOP
1,dose=1000|rep=0,1000.0,0,0.223,1,44,0.9118422835621621,1,0.9118422835621621,0.7517939253130982,False,0.7200162919612423,1.7704504617769556,False,STOP,STOP
1,dose=1000|rep=0,1000.0,0,0.223,1,48,0.9048969407693987,1,0.9048969407693987,0.6610512611161147,False,0.7646161945478447,1.8811548943663507,False,STOP,STOP
1,dose=1000|rep=0,1000.0,0,0.223,1,52,0.933927497107595,1,0.933927497107595,0.7819433816974318,False,0.822128428603501,1.8139464860272798,False,STOP,STOP
1,dose=1000|rep=0,1000.0,0,0.223,1,56,0.949824094976581,1,0.949824094976581,0.7977024113884572,False,0.8962384966244428,1.8302241967639974,False,STOP,STOP
1,dose=1000|rep=0,1000.0,0,0.223,1,60,0.9164790938436077,1,0.9164790938436077,0.7530086126146575,False,0.7895946238108028,1.9299263074709723,False,STOP,STOP
1,dose=1000|rep=0,1000.0,0,0.223,1,64,0.9277553426275512,1,0.9277553426275512,0.6325700163163885,False,0.7864513829013058,1.8907827553681251,False,STOP,STOP
1,dose=1000|rep=0,1000.0,0,0.223,1,68,0.9063722225166047,1,0.9063722225166047,0.6516799829237031,False,0.771155465242725,1.8317626863022218,False,STOP,STOP
1,dose=1000|rep=0,1000.0,0,0.223,1,72,0.9306128833380887,1,0.9306128833380887,0.7009127514552415,False,0.6871960745233356,1.7678235974598104,False,STOP,STOP
2,dose=1000|rep=1,1000.0,1,0.245,1,0,0.42983077233455846,0,0.5701692276654415,1.01,False,0.23716095953799507,1.3951027453005052,False,CONTINUE,CONTINUE
2,dose=1000|rep=1,1000.0,1,0.245,1,4,0.6100192060699269,1,0.6100192060699269,1.01,False,0.8280487963590217,1.9807274141004716,False,CONTINUE,CONTINUE
2,dose=1000|rep=1,1000.0,1,0.245,1,8,0.6033869658087768,1,0.6033869658087768,1.01,False,0.7094717959685599,2.185990522033629,False,CONTINUE,CONTINUE
2,dose=1000|rep=1,1000.0,1,0.245,1,12,0.4337868512019514,0,0.5662131487980486,0.6589373066549026,False,0.6294122081380745,1.9304453253360574,False,CONTINUE,CONTINUE
2,dose=1000|rep=1,1000.0,1,0.245,1,16,0.652139214590195,1,0.652139214590195,0.6814459146700114,False,0.9740061063751145,1.9834728606734155,False,CONTINUE,CONTINUE
2,dose=1000|rep=1,1000.0,1,0.245,1,20,0.641071660149519,1,0.641071660149519,0.5395946617021806,False,0.7628940359747797,1.9683326821918157,False,STOP,CONTINUE
2,dose=1000|rep=1,1000.0,1,0.245,1,24,0.8133138768954112,1,0.8133138768954112,0.5351611257080844,False,0.7392042359580715,1.926921630184903,False,STOP,CONTINUE
2,dose=1000|rep=1,1000.0,1,0.245,1,28,0.84334514171924,1,0.84334514171924,0.5652540174030162,False,0.6497355423995249,1.8904369259514162,False,STOP,CONTINUE
2,dose=1000|rep=1,1000.0,1,0.245,1,32,0.9050304084704851,1,0.9050304084704851,0.6300003589168892,False,0.68846116195857,1.9589972426057014,False,STOP,STOP
2,dose=1000|rep=1,1000.0,1,0.245,1,36,0.8804556124798266,1,0.8804556124798266,0.734337742279001,False,0.686883044451575,1.762400522466105,False,STOP,STOP
2,dose=1000|rep=1,1000.0,1,0.245,1,40,0.915469837776443,1,0.915469837776443,0.7072617746513721,False,0.7926492846932267,1.4885045407897142,False,STOP,STOP
2,dose=1000|rep=1,1000.0,1,0.245,1,44,0.8632754115868221,1,0.8632754115868221,0.7116181657309373,False,0.6932560039676272,1.5528778631124696,False,STOP,STOP
2,dose=1000|rep=1,1000.0,1,0.245,1,48,0.8847998202899584,1,0.8847998202899584,0.6250536667348595,False,0.6282201366221752,1.3769877351580035,False,STOP,STOP
2,dose=1000|rep=1,1000.0,1,0.245,1,52,0.8243975958822498,1,0.8243975958822498,0.5983055389794101,False,0.707281190319632,1.4699529432142988,False,STOP,STOP
2,dose=1000|rep=1,1000.0,1,0.245,1,56,0.7683681659417803,1,0.7683681659417803,0.5382263724706671,False,0.6769789966735769,1.4807991419619309,False,STOP,STOP
2,dose=1000|rep=1,1000.0,1,0.245,1,60,0.7812573640504801,1,0.7812573640504801,0.50739122293203,False,0.7056519372101353,1.3768478854847295,False,STOP,STOP
2,dose=1000|rep=1,1000.0,1,0.245,1,64,0.8046344251570487,1,0.8046344251570487,0.5483844892650663,False,0.7543590137153089,1.670663623622739,False,STOP,STOP
2,dose=1000|rep=1,1000.0,1,0.245,1,68,0.7809817310136496,1,0.7809817310136496,0.5043054025006186,False,0.8577653245086618,1.7577183314107407,False,STOP,STOP
2,dose=1000|rep=1,1000.0,1,0.245,1,72,0.820598927290878,1,0.820598927290878,0.5895271197427461,False,0.9683885666993772,1.626554118570819,False,STOP,STOP
0,dose=1000|rep=2,1000.0,2,0.233,1,0,0.6356336200796183,1,0.6356336200796183,1.01,False,0.49265934619580765,1.019858303857065,False,CONTINUE,CONTINUE
0,dose=1000|rep=2,1000.0,2,0.233,1,4,0.46164552287353783,0,0.5383544771264621,0.7062009802959011,False,1.3539592595903513,1.8351575407270255,False,CONTINUE,CONTINUE
0,dose=1000|rep=2,1000.0,2,0.233,1,8,0.509854734495879,1,0.509854734495879,1.01,False,0.8840550919419671,1.91163320645158,False,CONTINUE,CONTINUE
0,dose=1000|rep=2,1000.0,2,0.233,1,12,0.8576952227811924,1,0.8576952227811924,1.01,False,0.7328905327795419,2.059391811232935,False,CONTINUE,CONTINUE
0,dose=1000|rep=2,1000.0,2,0.233,1,16,0.9257908802974156,1,0.9257908802974156,1.01,False,1.1275891304759134,2.001249797059373,False,CONTINUE,CONTINUE
0,dose=1000|rep=2,1000.0,2,0.233,1,20,0.8930902544484802,1,0.8930902544484802,0.621075374698578,False,0.7688895673599091,1.9312176960974972,False,STOP,CONTINUE
0,dose=1000|rep=2,1000.0,2,0.233,1,24,0.8368717170951072,1,0.8368717170951072,0.7768377327695035,False,1.0565414710138774,1.891267283128753,False,STOP,CONTINUE
0,dose=1000|rep=2,1000.0,2,0.233,1,28,0.8460016721839325,1,0.8460016721839325,0.6795052980312866,False,0.6020674581852866,1.848129550492604,False,STOP,CONTINUE
0,dose=1000|rep=2,1000.0,2,0.233,1,32,0.8660811782028784,1,0.8660811782028784,0.8082064561549444,False,0.7265255583701224,1.9699199351709313,False,STOP,STOP
0,dose=1000|rep=2,1000.0,2,0.233,1,36,0.7654007083697635,1,0.7654007083697635,0.5557481209544772,False,0.6999917224092633,1.82551342189183,False,STOP,STOP
0,dose=1000|rep=2,1000.0,2,0.233,1,40,0.7836881515679501,1,0.7836881515679501,0.5026652893101015,False,0.9736778249802509,1.9517195292537775,False,STOP,STOP
0,dose=1000|rep=2,1000.0,2,0.233,1,44,0.6827045478933603,1,0.6827045478933603,0.5448592642553487,False,0.951120776807623,1.776120105346875,False,STOP,STOP
0,dose=1000|rep=2,1000.0,2,0.233,1,48,0.7148363451536259,1,0.7148363451536259,0.5904532673023914,False,0.7163286771338053,1.5161612227526615,False,STOP,STOP
0,dose=1000|rep=2,1000.0,2,0.233,1,52,0.683787933118127,1,0.683787933118127,0.6827060554742507,False,0.8760609727963936,1.4425059983364286,False,STOP,STOP
0,dose=1000|rep=2,1000.0,2,0.233,1,56,0.6916773589809551,1,0.6916773589809551,0.6626567048677465,False,0.6998017346642498,1.5476226938498892,False,STOP,STOP
0,dose=1000|rep=2,1000.0,2,0.233,1,60,0.6846267500390055,1,0.6846267500390055,0.7224345874253288,False,0.600476904066762,1.514484577424964,False,CONTINUE,CONTINUE
0,dose=1000|rep=2,1000.0,2,0.233,1,64,0.5762225167396211,1,0.5762225167396211,0.7305575867618065,False,0.7282549281272348,1.4255304820912296,False,CONTINUE,CONTINUE
0,dose=1000|rep=2,1000.0,2,0.233,1,68,0.47508969975978393,0,0.524910300240216,0.6869176314999684,False,1.0249358241915223,1.6845041117047548,False,CONTINUE,CONTINUE
0,dose=1000|rep=2,1000.0,2,0.233,1,72,0.4227570760678083,0,0.5772429239321917,0.6381335662821785,False,0.8793160417020669,1.4792918084571802,False,CONTINUE,CONTINUE
1,dose=100|rep=0,100.0,0,0.231,1,0,0.9409970351829198,1,0.9409970351829198,0.6508544044725526,False,1.0292165141147491,1.1279261628883455,False,STOP,CONTINUE
1,dose=100|rep=0,100.0,0,0.231,1,4,0.7449434339026868,1,0.7449434339026868,1.01,False,1.1206030616176528,2.143720338209226,False,CONTINUE,CONTINUE
1,dose=100|rep=0,100.0,0,0.231,1,8,0.08402051852821897,0,0.915979481471781,0.904948599509089,False,1.539268605616724,2.0361694407668316,False,STOP,CONTINUE
1,dose=100|rep=0,100.0,0,0.231,1,12,0.300879556422005,0,0.699120443577995,0.854694802542437,False,1.136060191829602,2.012665389340003,False,CONTINUE,CONTINUE
1,dose=100|rep=0,100.0,0,0.231,1,16,0.40502683862383826,0,0.5949731613761617,1.01,False,1.1254791358709377,2.1945521928186893,False,CONTINUE,CONTINUE
1,dose=100|rep=0,100.0,0,0.231,1,20,0.44155844534490524,0,0.5584415546550947,0.677100889905756,False,1.1657002499083653,2.213059078690208,False,CONTINUE,CONTINUE
1,dose=100|rep=0,100.0,0,0.231,1,24,0.8039004634660273,1,0.8039004634660273,0.5126926567525105,False,1.186176719182585,2.0551368399022762,False,STOP,CONTINUE
1,dose=100|rep=0,100.0,0,0.231,1,28,0.6029611449194536,1,0.6029611449194536,0.7184194349161558,False,1.1297910169155652,2.3147899817095405,False,CONTINUE,CONTINUE
1,dose=100|rep=0,100.0,0,0.231,1,32,0.7740802773660365,1,0.7740802773660365,0.6567562152016608,False,1.147158906288506,2.3891396269320895,False,STOP,STOP
1,dose=100|rep=0,100.0,0,0.231,1,36,0.8326692699515287,1,0.8326692699515287,0.5666418555519621,False,0.9874957263350963,1.9380989295356545,False,STOP,STOP
1,dose=100|rep=0,100.0,0,0.231,1,40,0.8157829929499487,1,0.8157829929499487,0.6284642116515702,False,0.8448736329820057,1.8849681695670488,False,STOP,STOP
1,dose=100|rep=0,100.0,0,0.231,1,44,0.9022467668174241,1,0.9022467668174241,0.7517939253130982,False,0.8718084102127047,1.7704504617769556,False,STOP,STOP
1,dose=100|rep=0,100.0,0,0.231,1,48,0.9500605517844636,1,0.9500605517844636,0.6610512611161147,False,0.9938767503673056,1.8811548943663507,False,STOP,STOP
1,dose=100|rep=0,100.0,0,0.231,1,52,0.9132634866169954,1,0.9132634866169954,0.7819433816974318,False,0.7895615766750768,1.8139464860272798,False,STOP,STOP
1,dose=100|rep=0,100.0,0,0.231,1,56,0.9108283446735067,1,0.9108283446735067,0.7977024113884572,False,0.8335386727716264,1.8302241967639974,False,STOP,STOP
1,dose=100|rep=0,100.0,0,0.231,1,60,0.9291284082440255,1,0.9291284082440255,0.7530086126146575,False,0.8617595299697399,1.9299263074709723,False,STOP,STOP
1,dose=100|rep=0,100.0,0,0.231,1,64,0.9155394831944698,1,0.9155394831944698,0.6325700163163885,False,0.7907050639758415,1.8907827553681251,False,STOP,STOP
1,dose=100|rep=0,100.0,0,0.231,1,68,0.9176632927384539,1,0.9176632927384539,0.6516799829237031,False,0.568645326190177,1.8317626863022218,False,STOP,STOP
1,dose=100|rep=0,100.0,0,0.231,1,72,0.9305546286534534,1,0.9305546286534534,0.7009127514552415,False,0.5942335137651064,1.7678235974598104,False,STOP,STOP
2,dose=100|rep=1,100.0,1,0.246,1,0,0.785939668095148,1,0.785939668095148,1.01,False,0.49800551615450234,1.3951027453005052,False,CONTINUE,CONTINUE
2,dose=100|rep=1,100.0,1,0.246,1,4,0.6368417348727659,1,0.6368417348727659,1.01,False,0.7013191533585702,1.9807274141004716,False,CONTINUE,CONTINUE
2,dose=100|rep=1,100.0,1,0.246,1,8,0.7559157966688748,1,0.7559157966688748,1.01,False,0.761893757327739,2.185990522033629,False,CONTINUE,CONTINUE
2,dose=100|rep=1,100.0,1,0.246,1,12,0.6363036852848822,1,0.6363036852848822,0.6589373066549026,False,0.7771132357341882,1.9304453253360574,False,CONTINUE,CONTINUE
2,dose=100|rep=1,100.0,1,0.246,1,16,0.5969087392946274,1,0.5969087392946274,0.6814459146700114,False,1.0125718049420345,1.9834728606734155,False,CONTINUE,CONTINUE
2,dose=100|rep=1,100.0,1,0.246,1,20,0.6123441566778892,1,0.6123441566778892,0.5395946617021806,False,0.9307710398653124,1.9683326821918157,False,STOP,CONTINUE
2,dose=100|rep=1,100.0,1,0.246,1,24,0.7869219368070286,1,0.7869219368070286,0.5351611257080844,False,0.601510188739739,1.926921630184903,False,STOP,CONTINUE
2,dose=100|rep=1,100.0,1,0.246,1,28,0.8808942206570576,1,0.8808942206570576,0.5652540174030162,False,0.6846878662119612,1.8904369259514162,False,STOP,CONTINUE
2,dose=100|rep=1,100.0,1,0.246,1,32,0.918160108802377,1,0.918160108802377,0.6300003589168892,False,0.5110684288628222,1.9589972426057014,False,STOP,STOP
2,dose=100|rep=1,100.0,1,0.246,1,36,0.9149835708530925,1,0.9149835708530925,0.734337742279001,False,0.38965011116759385,1.762400522466105,False,STOP,STOP
2,dose=100|rep=1,100.0,1,0.246,1,40,0.9537810785247424,1,0.9537810785247424,0.7072617746513721,False,0.7291700493219472,1.4885045407897142,False,STOP,STOP
2,dose=100|rep=1,100.0,1,0.246,1,44,0.9352808287253395,1,0.9352808287253395,0.7116181657309373,False,0.5231840520139956,1.5528778631124696,False,STOP,STOP
2,dose=100|rep=1,100.0,1,0.246,1,48,0.947191055168433,1,0.947191055168433,0.6250536667348595,False,0.5551969401948262,1.3769877351580035,False,STOP,STOP
2,dose=100|rep=1,100.0,1,0.246,1,52,0.9362914328611015,1,0.9362914328611015,0.5983055389794101,False,0.42815484864109843,1.4699529432142988,False,STOP,STOP
2,dose=100|rep=1,100.0,1,0.246,1,56,0.9168586076588864,1,0.9168586076588864,0.5382263724706671,False,0.4161660945548803,1.4807991419619309,False,STOP,STOP
2,dose=100|rep=1,100.0,1,0.246,1,60,0.89946423071539,1,0.89946423071539,0.50739122293203,False,0.45989280184848774,1.3768478854847295,False,STOP,STOP
2,dose=100|rep=1,100.0,1,0.246,1,64,0.8874395677646416,1,0.8874395677646416,0.5483844892650663,False,0.41892244707722026,1.670663623622739,False,STOP,STOP
2,dose=100|rep=1,100.0,1,0.246,1,68,0.8834783603451024,1,0.8834783603451024,0.5043054025006186,False,0.5768456493859172,1.7577183314107407,False,STOP,STOP
2,dose=100|rep=1,100.0,1,0.246,1,72,0.8831940383230942,1,0.8831940383230942,0.5895271197427461,False,0.4476775300111005,1.626554118570819,False,STOP,STOP
0,dose=100|rep=2,100.0,2,0.251,1,0,0.3939954616752708,0,0.6060045383247292,1.01,False,0.5994116123335625,1.019858303857065,False,CONTINUE,CONTINUE
0,dose=100|rep=2,100.0,2,0.251,1,4,0.2477087387410412,0,0.7522912612589587,0.7062009802959011,False,1.0478629138445394,1.8351575407270255,False,STOP,CONTINUE
0,dose=100|rep=2,100.0,2,0.251,1,8,0.11085624613736189,0,0.8891437538626381,1.01,False,1.3852466046170135,1.91163320645158,False,CONTINUE,CONTINUE
0,dose=100|rep=2,100.0,2,0.251,1,12,0.8678177410059682,1,0.8678177410059682,1.01,False,1.3230463825966186,2.059391811232935,False,CONTINUE,CONTINUE
0,dose=100|rep=2,100.0,2,0.251,1,16,0.6047923943276349,1,0.6047923943276349,1.01,False,1.1461065003069555,2.001249797059373,False,CONTINUE,CONTINUE
0,dose=100|rep=2,100.0,2,0.251,1,20,0.8331206207453662,1,0.8331206207453662,0.621075374698578,False,1.149672861137779,1.9312176960974972,False,STOP,CONTINUE
0,dose=100|rep=2,100.0,2,0.251,1,24,0.7446757079809243,1,0.7446757079809243,0.7768377327695035,False,1.1134429760311781,1.891267283128753,False,CONTINUE,CONTINUE
0,dose=100|rep=2,100.0,2,0.251,1,28,0.8290094641198616,1,0.8290094641198616,0.6795052980312866,False,1.1015277216037958,1.848129550492604,False,STOP,CONTINUE
0,dose=100|rep=2,100.0,2,0.251,1,32,0.8395269974702865,1,0.8395269974702865,0.8082064561549444,False,1.028574441835812,1.9699199351709313,False,STOP,STOP
0,dose=100|rep=2,100.0,2,0.251,1,36,0.9085736696756747,1,0.9085736696756747,0.5557481209544772,False,0.9108685109191604,1.82551342189183,False,STOP,STOP
0,dose=100|rep=2,100.0,2,0.251,1,40,0.9335559901632007,1,0.9335559901632007,0.5026652893101015,False,1.0261394207112282,1.9517195292537775,False,STOP,STOP
0,dose=100|rep=2,100.0,2,0.251,1,44,0.9445472671520823,1,0.9445472671520823,0.5448592642553487,False,0.99626405023064,1.776120105346875,False,STOP,STOP
0,dose=100|rep=2,100.0,2,0.251,1,48,0.9398051097771808,1,0.9398051097771808,0.5904532673023914,False,1.2722595960348169,1.5161612227526615,False,STOP,STOP
0,dose=100|rep=2,100.0,2,0.251,1,52,0.9285652205279062,1,0.9285652205279062,0.6827060554742507,False,1.1979091144052263,1.4425059983364286,False,STOP,STOP
0,dose=100|rep=2,100.0,2,0.251,1,56,0.9461253027361058,1,0.9461253027361058,0.6626567048677465,False,1.3194832715320497,1.5476226938498892,False,STOP,STOP
0,dose=100|rep=2,100.0,2,0.251,1,60,0.9568684256359979,1,0.9568684256359979,0.7224345874253288,False,1.4281648386470596,1.514484577424964,False,STOP,STOP
0,dose=100|rep=2,100.0,2,0.251,1,64,0.9301571157035635,1,0.9301571157035635,0.7305575867618065,False,1.2268898984411163,1.4255304820912296,False,STOP,STOP
0,dose=100|rep=2,100.0,2,0.251,1,68,0.944401635290189,1,0.944401635290189,0.6869176314999684,False,1.4469171985741072,1.6845041117047548,False,STOP,STOP
0,dose=100|rep=2,100.0,2,0.251,1,72,0.9023031262252612,1,0.9023031262252612,0.6381335662821785,False,1.438595179687292,1.4792918084571802,False,STOP,STOP
1,dose=10|rep=0,10.0,0,0.867,0,0,0.9567396067630896,1,0.9567396067630896,0.6508544044725526,False,0.9662131778337838,1.1279261628883455,False,STOP,CONTINUE
1,dose=10|rep=0,10.0,0,0.867,0,4,0.40011740186782596,0,0.599882598132174,1.01,False,1.3131111934313946,2.143720338209226,False,CONTINUE,CONTINUE
1,dose=10|rep=0,10.0,0,0.867,0,8,0.826390772699324,1,0.826390772699324,0.904948599509089,False,1.9094490732337561,2.0361694407668316,False,CONTINUE,CONTINUE
1,dose=10|rep=0,10.0,0,0.867,0,12,0.56496244726083,1,0.56496244726083,0.854694802542437,False,1.5211517098026355,2.012665389340003,False,CONTINUE,CONTINUE
1,dose=10|rep=0,10.0,0,0.867,0,16,0.4651173167726202,0,0.5348826832273799,1.01,False,1.1356960531079,2.1945521928186893,False,CONTINUE,CONTINUE
1,dose=10|rep=0,10.0,0,0.867,0,20,0.16798528694651374,0,0.8320147130534863,0.677100889905756,False,1.377193306376319,2.213059078690208,False,STOP,CONTINUE
1,dose=10|rep=0,10.0,0,0.867,0,24,0.44894760448059995,0,0.5510523955194,0.5126926567525105,False,1.2652495202798413,2.0551368399022762,False,STOP,CONTINUE
1,dose=10|rep=0,10.0,0,0.867,0,28,0.2576730925704542,0,0.7423269074295458,0.7184194349161558,False,1.5833298863718657,2.3147899817095405,False,STOP,CONTINUE
1,dose=10|rep=0,10.0,0,0.867,0,32,0.2517143779229227,0,0.7482856220770773,0.6567562152016608,False,1.160818750482756,2.3891396269320895,False,STOP,STOP
1,dose=10|rep=0,10.0,0,0.867,0,36,0.2741381031894638,0,0.7258618968105361,0.5666418555519621,False,0.9607495373701417,1.9380989295356545,False,STOP,STOP
1,dose=10|rep=0,10.0,0,0.867,0,40,0.299118575377379,0,0.7008814246226209,0.6284642116515702,False,0.7911353262344509,1.8849681695670488,False,STOP,STOP
1,dose=10|rep=0,10.0,0,0.867,0,44,0.3258937984810704,0,0.6741062015189296,0.7517939253130982,False,0.7515619957389732,1.7704504617769556,False,CONTINUE,CONTINUE
1,dose=10|rep=0,10.0,0,0.867,0,48,0.23916447325271734,0,0.7608355267472826,0.6610512611161147,False,0.8348433487004537,1.8811548943663507,False,STOP,STOP
1,dose=10|rep=0,10.0,0,0.867,0,52,0.3083918479702874,0,0.6916081520297126,0.7819433816974318,False,0.8364375163425405,1.8139464860272798,False,CONTINUE,CONTINUE
1,dose=10|rep=0,10.0,0,0.867,0,56,0.45241767152537715,0,0.5475823284746228,0.7977024113884572,False,0.8879459487178795,1.8302241967639974,False,CONTINUE,CONTINUE
1,dose=10|rep=0,10.0,0,0.867,0,60,0.44645110109100083,0,0.5535488989089992,0.7530086126146575,False,1.0122187272346457,1.9299263074709723,False,CONTINUE,CONTINUE
1,dose=10|rep=0,10.0,0,0.867,0,64,0.44048804868738484,0,0.5595119513126152,0.6325700163163885,False,0.9850843710745099,1.8907827553681251,False,CONTINUE,CONTINUE
1,dose=10|rep=0,10.0,0,0.867,0,68,0.36649911914928984,0,0.6335008808507101,0.6516799829237031,False,1.0018570834320384,1.8317626863022218,False,CONTINUE,CONTINUE
1,dose=10|rep=0,10.0,0,0.867,0,72,0.3718166777772472,0,0.6281833222227529,0.7009127514552415,False,0.9757261376540921,1.7678235974598104,False,CONTINUE,CONTINUE
2,dose=10|rep=1,10.0,1,0.959,0,0,0.7136141264376148,1,0.7136141264376148,1.01,False,0.5079214735554076,1.3951027453005052,False,CONTINUE,CONTINUE
2,dose=10|rep=1,10.0,1,0.959,0,4,0.6153840445631515,1,0.6153840445631515,1.01,False,0.7535806321503427,1.9807274141004716,False,CONTINUE,CONTINUE
2,dose=10|rep=1,10.0,1,0.959,0,8,0.5789279044055118,1,0.5789279044055118,1.01,False,0.8002614599369057,2.185990522033629,False,CONTINUE,CONTINUE
2,dose=10|rep=1,10.0,1,0.959,0,12,0.5995398174488898,1,0.5995398174488898,0.6589373066549026,False,0.8477502962199148,1.9304453253360574,False,CONTINUE,CONTINUE
2,dose=10|rep=1,10.0,1,0.959,0,16,0.10756882110157145,0,0.8924311788984285,0.6814459146700114,False,1.1515354424142676,1.9834728606734155,False,STOP,CONTINUE
2,dose=10|rep=1,10.0,1,0.959,0,20,0.38363312272594674,0,0.6163668772740533,0.5395946617021806,False,1.003309200677407,1.9683326821918157,False,STOP,CONTINUE
2,dose=10|rep=1,10.0,1,0.959,0,24,0.22382269692406123,0,0.7761773030759388,0.5351611257080844,False,0.7480284874146814,1.926921630184903,False,STOP,CONTINUE
2,dose=10|rep=1,10.0,1,0.959,0,28,0.3176995961115032,0,0.6823004038884968,0.5652540174030162,False,0.762839390222598,1.8904369259514162,False,STOP,CONTINUE
2,dose=10|rep=1,10.0,1,0.959,0,32,0.37974373033598163,0,0.6202562696640184,0.6300003589168892,False,0.7914367406538582,1.9589972426057014,False,CONTINUE,CONTINUE
2,dose=10|rep=1,10.0,1,0.959,0,36,0.18953933267759526,0,0.8104606673224047,0.734337742279001,False,0.587861972086754,1.762400522466105,False,STOP,STOP
2,dose=10|rep=1,10.0,1,0.959,0,40,0.12837519270937128,0,0.8716248072906287,0.7072617746513721,False,0.6525486671174131,1.4885045407897142,False,STOP,STOP
2,dose=10|rep=1,10.0,1,0.959,0,44,0.18212145060820928,0,0.8178785493917907,0.7116181657309373,False,0.5676114667463893,1.5528778631124696,False,STOP,STOP
2,dose=10|rep=1,10.0,1,0.959,0,48,0.19295458584771874,0,0.8070454141522813,0.6250536667348595,False,0.561808728606767,1.3769877351580035,False,STOP,STOP
2,dose=10|rep=1,10.0,1,0.959,0,52,0.19931287474402667,0,0.8006871252559733,0.5983055389794101,False,0.5883742496337003,1.4699529432142988,False,STOP,STOP
2,dose=10|rep=1,10.0,1,0.959,0,56,0.19520570006296947,0,0.8047942999370306,0.5382263724706671,False,0.6375897366326743,1.4807991419619309,False,STOP,STOP
2,dose=10|rep=1,10.0,1,0.959,0,60,0.29887377239967367,0,0.7011262276003263,0.50739122293203,False,0.5442608236642807,1.3768478854847295,False,STOP,STOP
2,dose=10|rep=1,10.0,1,0.959,0,64,0.2921807115545357,0,0.7078192884454644,0.5483844892650663,False,0.5296755921526132,1.670663623622739,False,STOP,STOP
2,dose=10|rep=1,10.0,1,0.959,0,68,0.30272378687171453,0,0.6972762131282855,0.5043054025006186,False,0.7052199796261586,1.7577183314107407,False,STOP,STOP
2,dose=10|rep=1,10.0,1,0.959,0,72,0.2894458912570784,0,0.7105541087429216,0.5895271197427461,False,0.6106225428604706,1.626554118570819,False,STOP,STOP
0,dose=10|rep=2,10.0,2,0.904,0,0,0.323840272925638,0,0.676159727074362,1.01,False,0.7190359934167627,1.019858303857065,False,CONTINUE,CONTINUE
0,dose=10|rep=2,10.0,2,0.904,0,4,0.17658884955414222,0,0.8234111504458578,0.7062009802959011,False,1.1891958607396023,1.8351575407270255,False,STOP,CONTINUE
0,dose=10|rep=2,10.0,2,0.904,0,8,0.13215210090940463,0,0.8678478990905953,1.01,False,1.1839464637194062,1.91163320645158,False,CONTINUE,CONTINUE
0,dose=10|rep=2,10.0,2,0.904,0,12,0.060194246328646867,0,0.9398057536713531,1.01,False,1.1078195832639108,2.059391811232935,False,CONTINUE,CONTINUE
0,dose=10|rep=2,10.0,2,0.904,0,16,0.04920084159898199,0,0.950799158401018,1.01,False,1.0206108237728295,2.001249797059373,False,CONTINUE,CONTINUE
0,dose=10|rep=2,10.0,2,0.904,0,20,0.018717629792129375,0,0.9812823702078706,0.621075374698578,False,1.3761544956142417,1.9312176960974972,False,STOP,CONTINUE
0,dose=10|rep=2,10.0,2,0.904,0,24,0.008435524884987165,0,0.9915644751150129,0.7768377327695035,False,1.3285552045247422,1.891267283128753,False,STOP,CONTINUE
0,dose=10|rep=2,10.0,2,0.904,0,28,0.00809714221534299,0,0.991902857784657,0.6795052980312866,False,1.4211801146900018,1.848129550492604,False,STOP,CONTINUE
0,dose=10|rep=2,10.0,2,0.904,0,32,0.015423089505682032,0,0.984576910494318,0.8082064561549444,False,1.4788462107659979,1.9699199351709313,False,STOP,STOP
0,dose=10|rep=2,10.0,2,0.904,0,36,0.07646783314004432,0,0.9235321668599556,0.5557481209544772,False,1.0594185663191307,1.82551342189183,False,STOP,STOP
0,dose=10|rep=2,10.0,2,0.904,0,40,0.11024694379633498,0,0.8897530562036651,0.5026652893101015,False,0.810576231718978,1.9517195292537775,False,STOP,STOP
0,dose=10|rep=2,10.0,2,0.904,0,44,0.14087055619053038,0,0.8591294438094697,0.5448592642553487,False,0.7835588493733148,1.776120105346875,False,STOP,STOP
0,dose=10|rep=2,10.0,2,0.904,0,48,0.13290029784984797,0,0.8670997021501521,0.5904532673023914,False,0.7498254317973194,1.5161612227526615,False,STOP,STOP
0,dose=10|rep=2,10.0,2,0.904,0,52,0.12135354702629461,0,0.8786464529737054,0.6827060554742507,False,0.7820879098645285,1.4425059983364286,False,STOP,STOP
0,dose=10|rep=2,10.0,2,0.904,0,56,0.13974328622726062,0,0.8602567137727394,0.6626567048677465,False,0.8624878217386838,1.5476226938498892,False,STOP,STOP
0,dose=10|rep=2,10.0,2,0.904,0,60,0.18696028058322745,0,0.8130397194167726,0.7224345874253288,False,0.7396974849764599,1.514484577424964,False,STOP,STOP
0,dose=10|rep=2,10.0,2,0.904,0,64,0.1611458061595099,0,0.8388541938404901,0.7305575867618065,False,0.8162784966317275,1.4255304820912296,False,STOP,STOP
0,dose=10|rep=2,10.0,2,0.904,0,68,0.26022294060938306,0,0.739777059390617,0.6869176314999684,False,0.9848064431339116,1.6845041117047548,False,STOP,STOP
0,dose=10|rep=2,10.0,2,0.904,0,72,0.18536314164254666,0,0.8146368583574534,0.6381335662821785,False,0.9284086979393953,1.4792918084571802,False,STOP,STOP
1,dose=300|rep=0,300.0,0,0.238,1,0,0.10204693121721549,0,0.8979530687827845,0.6508544044725526,False,1.3754803290462818,1.1279261628883455,True,ABSTAIN,CONTINUE
1,dose=300|rep=0,300.0,0,0.238,1,4,0.25771796138065434,0,0.7422820386193456,1.01,False,1.1009829384953052,2.143720338209226,False,CONTINUE,CONTINUE
1,dose=300|rep=0,300.0,0,0.238,1,8,0.024663039153856602,0,0.9753369608461434,0.904948599509089,False,1.4022448118340347,2.0361694407668316,False,STOP,CONTINUE
1,dose=300|rep=0,300.0,0,0.238,1,12,0.13008709917056913,0,0.8699129008294308,0.854694802542437,False,1.3795267323015235,2.012665389340003,False,STOP,CONTINUE
1,dose=300|rep=0,300.0,0,0.238,1,16,0.09757459629658687,0,0.9024254037034132,1.01,False,1.4288750242027735,2.1945521928186893,False,CONTINUE,CONTINUE
1,dose=300|rep=0,300.0,0,0.238,1,20,0.514674856149928,1,0.514674856149928,0.677100889905756,False,1.2574198448834903,2.213059078690208,False,CONTINUE,CONTINUE
1,dose=300|rep=0,300.0,0,0.238,1,24,0.4256579283466244,0,0.5743420716533756,0.5126926567525105,False,1.1070889406264544,2.0551368399022762,False,STOP,CONTINUE
1,dose=300|rep=0,300.0,0,0.238,1,28,0.5985921022675966,1,0.5985921022675966,0.7184194349161558,False,0.936179937025358,2.3147899817095405,False,CONTINUE,CONTINUE
1,dose=300|rep=0,300.0,0,0.238,1,32,0.688766499828788,1,0.688766499828788,0.6567562152016608,False,1.055517050018701,2.3891396269320895,False,STOP,STOP
1,dose=300|rep=0,300.0,0,0.238,1,36,0.8096100485243254,1,0.8096100485243254,0.5666418555519621,False,0.8740553905628224,1.9380989295356545,False,STOP,STOP
1,dose=300|rep=0,300.0,0,0.238,1,40,0.8176397203412568,1,0.8176397203412568,0.6284642116515702,False,0.7872311208453886,1.8849681695670488,False,STOP,STOP
1,dose=300|rep=0,300.0,0,0.238,1,44,0.8555925125619714,1,0.8555925125619714,0.7517939253130982,False,0.7750774518625292,1.7704504617769556,False,STOP,STOP
1,dose=300|rep=0,300.0,0,0.238,1,48,0.8480590753480592,1,0.8480590753480592,0.6610512611161147,False,0.7408963651772659,1.8811548943663507,False,STOP,STOP
1,dose=300|rep=0,300.0,0,0.238,1,52,0.8917380049391889,1,0.8917380049391889,0.7819433816974318,False,0.8559727065746514,1.8139464860272798,False,STOP,STOP
1,dose=300|rep=0,300.0,0,0.238,1,56,0.8913229364314285,1,0.8913229364314285,0.7977024113884572,False,0.8231412758022842,1.8302241967639974,False,STOP,STOP
1,dose=300|rep=0,300.0,0,0.238,1,60,0.7929078316526893,1,0.7929078316526893,0.7530086126146575,False,0.7394391158531453,1.9299263074709723,False,STOP,STOP
1,dose=300|rep=0,300.0,0,0.238,1,64,0.8129761639331347,1,0.8129761639331347,0.6325700163163885,False,0.6722417249078542,1.8907827553681251,False,STOP,STOP
1,dose=300|rep=0,300.0,0,0.238,1,68,0.8434559161838263,1,0.8434559161838263,0.6516799829237031,False,0.6196596175057669,1.8317626863022218,False,STOP,STOP
1,dose=300|rep=0,300.0,0,0.238,1,72,0.8290962395070486,1,0.8290962395070486,0.7009127514552415,False,0.5608880348456569,1.7678235974598104,False,STOP,STOP
2,dose=300|rep=1,300.0,1,0.23,1,0,0.9200908325533583,1,0.9200908325533583,1.01,False,0.8598844381133305,1.3951027453005052,False,CONTINUE,CONTINUE
2,dose=300|rep=1,300.0,1,0.23,1,4,0.9011082065833218,1,0.9011082065833218,1.01,False,1.17914436416207,1.9807274141004716,False,CONTINUE,CONTINUE
2,dose=300|rep=1,300.0,1,0.23,1,8,0.9217304327217882,1,0.9217304327217882,1.01,False,1.0433468671371817,2.185990522033629,False,CONTINUE,CONTINUE
2,dose=300|rep=1,300.0,1,0.23,1,12,0.9047805488562287,1,0.9047805488562287,0.6589373066549026,False,1.0405184595331474,1.9304453253360574,False,STOP,CONTINUE
2,dose=300|rep=1,300.0,1,0.23,1,16,0.7492666611593309,1,0.7492666611593309,0.6814459146700114,False,1.0114416876636723,1.9834728606734155,False,STOP,CONTINUE
2,dose=300|rep=1,300.0,1,0.23,1,20,0.8653766441504019,1,0.8653766441504019,0.5395946617021806,False,1.038323854806385,1.9683326821918157,False,STOP,CONTINUE
2,dose=300|rep=1,300.0,1,0.23,1,24,0.8973690947049461,1,0.8973690947049461,0.5351611257080844,False,1.1227018161376474,1.926921630184903,False,STOP,CONTINUE
2,dose=300|rep=1,300.0,1,0.23,1,28,0.9668599353925015,1,0.9668599353925015,0.5652540174030162,False,1.0051668134242928,1.8904369259514162,False,STOP,CONTINUE
2,dose=300|rep=1,300.0,1,0.23,1,32,0.9315043907047322,1,0.9315043907047322,0.6300003589168892,False,0.6023273870179499,1.9589972426057014,False,STOP,STOP
2,dose=300|rep=1,300.0,1,0.23,1,36,0.9588404016092141,1,0.9588404016092141,0.734337742279001,False,0.8579713220465736,1.762400522466105,False,STOP,STOP
2,dose=300|rep=1,300.0,1,0.23,1,40,0.9486717636978329,1,0.9486717636978329,0.7072617746513721,False,0.8435267148291893,1.4885045407897142,False,STOP,STOP
2,dose=300|rep=1,300.0,1,0.23,1,44,0.9382679257520272,1,0.9382679257520272,0.7116181657309373,False,0.8303916771755065,1.5528778631124696,False,STOP,STOP
2,dose=300|rep=1,300.0,1,0.23,1,48,0.9639021207084126,1,0.9639021207084126,0.6250536667348595,False,0.9202411986522655,1.3769877351580035,False,STOP,STOP
2,dose=300|rep=1,300.0,1,0.23,1,52,0.9224992948742984,1,0.9224992948742984,0.5983055389794101,False,0.8280607585609204,1.4699529432142988,False,STOP,STOP
2,dose=300|rep=1,300.0,1,0.23,1,56,0.906608470529176,1,0.906608470529176,0.5382263724706671,False,0.7516510302300754,1.4807991419619309,False,STOP,STOP
2,dose=300|rep=1,300.0,1,0.23,1,60,0.870724361457948,1,0.870724361457948,0.50739122293203,False,0.6761069923713869,1.3768478854847295,False,STOP,STOP
2,dose=300|rep=1,300.0,1,0.23,1,64,0.8751268922106423,1,0.8751268922106423,0.5483844892650663,False,0.8167443403810178,1.670663623622739,False,STOP,STOP
2,dose=300|rep=1,300.0,1,0.23,1,68,0.8935203059731383,1,0.8935203059731383,0.5043054025006186,False,0.7102400764912551,1.7577183314107407,False,STOP,STOP
2,dose=300|rep=1,300.0,1,0.23,1,72,0.8913203273125593,1,0.8913203273125593,0.5895271197427461,False,0.7785995865620061,1.626554118570819,False,STOP,STOP
0,dose=300|rep=2,300.0,2,0.197,1,0,0.19531980986511283,0,0.8046801901348872,1.01,False,1.2142283607951856,1.019858303857065,True,ABSTAIN,CONTINUE
0,dose=300|rep=2,300.0,2,0.197,1,4,0.02625519286728228,0,0.9737448071327177,0.7062009802959011,False,1.8010579963841256,1.8351575407270255,False,STOP,CONTINUE
0,dose=300|rep=2,300.0,2,0.197,1,8,0.013283840092297834,0,0.9867161599077021,1.01,False,1.937727782493495,1.91163320645158,True,ABSTAIN,CONTINUE
0,dose=300|rep=2,300.0,2,0.197,1,12,0.019349010120400963,0,0.9806509898795991,1.01,False,1.480188212479339,2.059391811232935,False,CONTINUE,CONTINUE
0,dose=300|rep=2,300.0,2,0.197,1,16,0.14118734527191076,0,0.8588126547280892,1.01,False,1.437496759234085,2.001249797059373,False,CONTINUE,CONTINUE
0,dose=300|rep=2,300.0,2,0.197,1,20,0.3574696945811671,0,0.6425303054188329,0.621075374698578,False,1.511824357462882,1.9312176960974972,False,STOP,CONTINUE
0,dose=300|rep=2,300.0,2,0.197,1,24,0.42141655276841167,0,0.5785834472315883,0.7768377327695035,False,1.5740328473297673,1.891267283128753,False,CONTINUE,CONTINUE
0,dose=300|rep=2,300.0,2,0.197,1,28,0.43680102814492816,0,0.5631989718550718,0.6795052980312866,False,1.6213311765306273,1.848129550492604,False,CONTINUE,CONTINUE
0,dose=300|rep=2,300.0,2,0.197,1,32,0.6976562877722785,1,0.6976562877722785,0.8082064561549444,False,1.8811526512060548,1.9699199351709313,False,CONTINUE,CONTINUE
0,dose=300|rep=2,300.0,2,0.197,1,36,0.905748783790319,1,0.905748783790319,0.5557481209544772,False,1.947853527855683,1.82551342189183,True,ABSTAIN,ABSTAIN
0,dose=300|rep=2,300.0,2,0.197,1,40,0.9581712171748201,1,0.9581712171748201,0.5026652893101015,False,1.5909685286381399,1.9517195292537775,False,STOP,STOP
0,dose=300|rep=2,300.0,2,0.197,1,44,0.924227225031312,1,0.924227225031312,0.5448592642553487,False,1.880848603556622,1.776120105346875,True,ABSTAIN,ABSTAIN
0,dose=300|rep=2,300.0,2,0.197,1,48,0.9111656756164933,1,0.9111656756164933,0.5904532673023914,False,1.6673034159828202,1.5161612227526615,True,ABSTAIN,ABSTAIN
0,dose=300|rep=2,300.0,2,0.197,1,52,0.8490835986191826,1,0.8490835986191826,0.6827060554742507,False,1.4794977719987612,1.4425059983364286,True,ABSTAIN,ABSTAIN
0,dose=300|rep=2,300.0,2,0.197,1,56,0.8763773591986385,1,0.8763773591986385,0.6626567048677465,False,1.4526501180484326,1.5476226938498892,False,STOP,STOP
0,dose=300|rep=2,300.0,2,0.197,1,60,0.9419747121933528,1,0.9419747121933528,0.7224345874253288,False,1.6755935796644768,1.514484577424964,True,ABSTAIN,ABSTAIN
0,dose=300|rep=2,300.0,2,0.197,1,64,0.9122547023819619,1,0.9122547023819619,0.7305575867618065,False,1.41352468577586,1.4255304820912296,False,STOP,STOP
0,dose=300|rep=2,300.0,2,0.197,1,68,0.8694740084932355,1,0.8694740084932355,0.6869176314999684,False,1.6067350968018728,1.6845041117047548,False,STOP,STOP
0,dose=300|rep=2,300.0,2,0.197,1,72,0.8974733192056165,1,0.8974733192056165,0.6381335662821785,False,1.4684417789632864,1.4792918084571802,False,STOP,STOP
1,dose=30|rep=0,30.0,0,0.231,1,0,0.31780839421601587,0,0.6821916057839841,0.6508544044725526,False,0.4011574591701781,1.1279261628883455,False,STOP,CONTINUE
1,dose=30|rep=0,30.0,0,0.231,1,4,0.07545687013426804,0,0.924543129865732,1.01,False,1.1727863653363222,2.143720338209226,False,CONTINUE,CONTINUE
1,dose=30|rep=0,30.0,0,0.231,1,8,0.8337994203023543,1,0.8337994203023543,0.904948599509089,False,1.8938122880851378,2.0361694407668316,False,CONTINUE,CONTINUE
1,dose=30|rep=0,30.0,0,0.231,1,12,0.2576392045023348,0,0.7423607954976652,0.854694802542437,False,1.50263104843518,2.012665389340003,False,CONTINUE,CONTINUE
1,dose=30|rep=0,30.0,0,0.231,1,16,0.18698975628940037,0,0.8130102437105996,1.01,False,1.5219242266292419,2.1945521928186893,False,CONTINUE,CONTINUE
1,dose=30|rep=0,30.0,0,0.231,1,20,0.0861155339297607,0,0.9138844660702393,0.677100889905756,False,1.2612580727386646,2.213059078690208,False,STOP,CONTINUE
1,dose=30|rep=0,30.0,0,0.231,1,24,0.16016674173979767,0,0.8398332582602024,0.5126926567525105,False,1.228882054648777,2.0551368399022762,False,STOP,CONTINUE
1,dose=30|rep=0,30.0,0,0.231,1,28,0.20439371406607287,0,0.7956062859339271,0.7184194349161558,False,1.1755417529352752,2.3147899817095405,False,STOP,CONTINUE
1,dose=30|rep=0,30.0,0,0.231,1,32,0.20057142206631992,0,0.79942857793368,0.6567562152016608,False,1.111629488857181,2.3891396269320895,False,STOP,STOP
1,dose=30|rep=0,30.0,0,0.231,1,36,0.41878505333077465,0,0.5812149466692254,0.5666418555519621,False,1.0459053737718125,1.9380989295356545,False,STOP,STOP
1,dose=30|rep=0,30.0,0,0.231,1,40,0.4345729732720684,0,0.5654270267279315,0.6284642116515702,False,0.9137372465379366,1.8849681695670488,False,CONTINUE,CONTINUE
1,dose=30|rep=0,30.0,0,0.231,1,44,0.6301952448107556,1,0.6301952448107556,0.7517939253130982,False,0.8214437562906164,1.7704504617769556,False,CONTINUE,CONTINUE
1,dose=30|rep=0,30.0,0,0.231,1,48,0.8170664465664383,1,0.8170664465664383,0.6610512611161147,False,0.920491124777846,1.8811548943663507,False,STOP,STOP
1,dose=30|rep=0,30.0,0,0.231,1,52,0.9056430759224843,1,0.9056430759224843,0.7819433816974318,False,1.1370230699874606,1.8139464860272798,False,STOP,STOP
1,dose=30|rep=0,30.0,0,0.231,1,56,0.9195682410995505,1,0.9195682410995505,0.7977024113884572,False,1.2187348899557837,1.8302241967639974,False,STOP,STOP
1,dose=30|rep=0,30.0,0,0.231,1,60,0.9036015409597675,1,0.9036015409597675,0.7530086126146575,False,1.012887651702461,1.9299263074709723,False,STOP,STOP
1,dose=30|rep=0,30.0,0,0.231,1,64,0.9567798578657662,1,0.9567798578657662,0.6325700163163885,False,1.099522680686418,1.8907827553681251,False,STOP,STOP
1,dose=30|rep=0,30.0,0,0.231,1,68,0.9336091156680391,1,0.9336091156680391,0.6516799829237031,False,0.9201966753565367,1.8317626863022218,False,STOP,STOP
1,dose=30|rep=0,30.0,0,0.231,1,72,0.9379926848882211,1,0.9379926848882211,0.7009127514552415,False,0.9777064624039571,1.7678235974598104,False,STOP,STOP
2,dose=30|rep=1,30.0,1,0.257,1,0,0.7910380129035492,1,0.7910380129035492,1.01,False,0.7374929524123689,1.3951027453005052,False,CONTINUE,CONTINUE
2,dose=30|rep=1,30.0,1,0.257,1,4,0.616700106379987,1,0.616700106379987,1.01,False,1.0940230923310061,1.9807274141004716,False,CONTINUE,CONTINUE
2,dose=30|rep=1,30.0,1,0.257,1,8,0.5715975424356415,1,0.5715975424356415,1.01,False,1.0260391619674074,2.185990522033629,False,CONTINUE,CONTINUE
2,dose=30|rep=1,30.0,1,0.257,1,12,0.6338258193634652,1,0.6338258193634652,0.6589373066549026,False,0.8027956139845547,1.9304453253360574,False,CONTINUE,CONTINUE
2,dose=30|rep=1,30.0,1,0.257,1,16,0.4358347627804448,0,0.5641652372195551,0.6814459146700114,False,0.755427214380113,1.9834728606734155,False,CONTINUE,CONTINUE
2,dose=30|rep=1,30.0,1,0.257,1,20,0.4746522771083016,0,0.5253477228916984,0.5395946617021806,False,0.8000068921657846,1.9683326821918157,False,CONTINUE,CONTINUE
2,dose=30|rep=1,30.0,1,0.257,1,24,0.33641854900952883,0,0.6635814509904712,0.5351611257080844,False,0.6803860122358233,1.926921630184903,False,STOP,CONTINUE
2,dose=30|rep=1,30.0,1,0.257,1,28,0.29027950312694395,0,0.709720496873056,0.5652540174030162,False,0.8348736710903633,1.8904369259514162,False,STOP,CONTINUE
2,dose=30|rep=1,30.0,1,0.257,1,32,0.3874293308556188,0,0.6125706691443812,0.6300003589168892,False,0.845432058751523,1.9589972426057014,False,CONTINUE,CONTINUE
2,dose=30|rep=1,30.0,1,0.257,1,36,0.49845169955719204,0,0.501548300442808,0.734337742279001,False,0.7546838463982187,1.762400522466105,False,CONTINUE,CONTINUE
2,dose=30|rep=1,30.0,1,0.257,1,40,0.5455725083354347,1,0.5455725083354347,0.7072617746513721,False,0.724552153150826,1.4885045407897142,False,CONTINUE,CONTINUE
2,dose=30|rep=1,30.0,1,0.257,1,44,0.5681389301704746,1,0.5681389301704746,0.7116181657309373,False,0.5756581874899366,1.5528778631124696,False,CONTINUE,CONTINUE
2,dose=30|rep=1,30.0,1,0.257,1,48,0.7961151738759146,1,0.7961151738759146,0.6250536667348595,False,0.5487734805578872,1.3769877351580035,False,STOP,STOP
2,dose=30|rep=1,30.0,1,0.257,1,52,0.8063065657954798,1,0.8063065657954798,0.5983055389794101,False,0.5566686250055275,1.4699529432142988,False,STOP,STOP
2,dose=30|rep=1,30.0,1,0.257,1,56,0.7851576217759506,1,0.7851576217759506,0.5382263724706671,False,0.544117650770131,1.4807991419619309,False,STOP,STOP
2,dose=30|rep=1,30.0,1,0.257,1,60,0.826388084983844,1,0.826388084983844,0.50739122293203,False,0.8410948698690017,1.3768478854847295,False,STOP,STOP
2,dose=30|rep=1,30.0,1,0.257,1,64,0.8539035330319946,1,0.8539035330319946,0.5483844892650663,False,0.959173215595467,1.670663623622739,False,STOP,STOP
2,dose=30|rep=1,30.0,1,0.257,1,68,0.8633561256665678,1,0.8633561256665678,0.5043054025006186,False,0.9269653141896409,1.7577183314107407,False,STOP,STOP
2,dose=30|rep=1,30.0,1,0.257,1,72,0.923150747516289,1,0.923150747516289,0.5895271197427461,False,0.9356139162687599,1.626554118570819,False,STOP,STOP
0,dose=30|rep=2,30.0,2,0.267,1,0,0.36118574259543473,0,0.6388142574045652,1.01,False,0.6039613803271349,1.019858303857065,False,CONTINUE,CONTINUE
0,dose=30|rep=2,30.0,2,0.267,1,4,0.7576565967586237,1,0.7576565967586237,0.7062009802959011,False,0.8236139269478311,1.8351575407270255,False,STOP,CONTINUE
0,dose=30|rep=2,30.0,2,0.267,1,8,0.5396684376737115,1,0.5396684376737115,1.01,False,1.1474907181433516,1.91163320645158,False,CONTINUE,CONTINUE
0,dose=30|rep=2,30.0,2,0.267,1,12,0.8706636960389036,1,0.8706636960389036,1.01,False,1.3190696936364135,2.059391811232935,False,CONTINUE,CONTINUE
0,dose=30|rep=2,30.0,2,0.267,1,16,0.3962776198447278,0,0.6037223801552722,1.01,False,1.41412821804276,2.001249797059373,False,CONTINUE,CONTINUE
0,dose=30|rep=2,30.0,2,0.267,1,20,0.32934307091663634,0,0.6706569290833637,0.621075374698578,False,1.3879450309747818,1.9312176960974972,False,STOP,CONTINUE
0,dose=30|rep=2,30.0,2,0.267,1,24,0.3104633651735357,0,0.6895366348264643,0.7768377327695035,False,0.9273567724050825,1.891267283128753,False,CONTINUE,CONTINUE
0,dose=30|rep=2,30.0,2,0.267,1,28,0.38238480088971877,0,0.6176151991102812,0.6795052980312866,False,0.7846891416126753,1.848129550492604,False,CONTINUE,CONTINUE
0,dose=30|rep=2,30.0,2,0.267,1,32,0.4999608956813849,0,0.5000391043186151,0.8082064561549444,False,0.675340206568664,1.9699199351709313,False,CONTINUE,CONTINUE
0,dose=30|rep=2,30.0,2,0.267,1,36,0.7281395418982505,1,0.7281395418982505,0.5557481209544772,False,0.5717819488024679,1.82551342189183,False,STOP,STOP
0,dose=30|rep=2,30.0,2,0.267,1,40,0.823278916892374,1,0.823278916892374,0.5026652893101015,False,0.8176007895086846,1.9517195292537775,False,STOP,STOP
0,dose=30|rep=2,30.0,2,0.267,1,44,0.8535211721944655,1,0.8535211721944655,0.5448592642553487,False,0.5440395222708474,1.776120105346875,False,STOP,STOP
0,dose=30|rep=2,30.0,2,0.267,1,48,0.7546277259819436,1,0.7546277259819436,0.5904532673023914,False,0.6197089100709208,1.5161612227526615,False,STOP,STOP
0,dose=30|rep=2,30.0,2,0.267,1,52,0.8057609967365019,1,0.8057609967365019,0.6827060554742507,False,0.5255770200351078,1.4425059983364286,False,STOP,STOP
0,dose=30|rep=2,30.0,2,0.267,1,56,0.8142062533351506,1,0.8142062533351506,0.6626567048677465,False,0.536763368464175,1.5476226938498892,False,STOP,STOP
0,dose=30|rep=2,30.0,2,0.267,1,60,0.8189566878333945,1,0.8189566878333945,0.7224345874253288,False,0.5750904180405391,1.514484577424964,False,STOP,STOP
0,dose=30|rep=2,30.0,2,0.267,1,64,0.8515333133154827,1,0.8515333133154827,0.7305575867618065,False,0.599663754031893,1.4255304820912296,False,STOP,STOP
0,dose=30|rep=2,30.0,2,0.267,1,68,0.8419459553790033,1,0.8419459553790033,0.6869176314999684,False,0.6799424782679123,1.6845041117047548,False,STOP,STOP
0,dose=30|rep=2,30.0,2,0.267,1,72,0.7136688032804153,1,0.7136688032804153,0.6381335662821785,False,0.7720488258174896,1.4792918084571802,False,STOP,STOP
1,dose=3|rep=0,3.0,0,0.753,0,0,0.6043112531182261,1,0.6043112531182261,0.6508544044725526,False,1.093968763716263,1.1279261628883455,False,CONTINUE,CONTINUE
1,dose=3|rep=0,3.0,0,0.753,0,4,0.17113537010761956,0,0.8288646298923804,1.01,False,0.9878671801003392,2.143720338209226,False,CONTINUE,CONTINUE
1,dose=3|rep=0,3.0,0,0.753,0,8,0.8632713227667128,1,0.8632713227667128,0.904948599509089,False,1.6735634684300693,2.0361694407668316,False,CONTINUE,CONTINUE
1,dose=3|rep=0,3.0,0,0.753,0,12,0.39565668897928363,0,0.6043433110207164,0.854694802542437,False,1.165043834314887,2.012665389340003,False,CONTINUE,CONTINUE
1,dose=3|rep=0,3.0,0,0.753,0,16,0.2176497325441355,0,0.7823502674558644,1.01,False,1.0811767191357216,2.1945521928186893,False,CONTINUE,CONTINUE
1,dose=3|rep=0,3.0,0,0.753,0,20,0.17670079991567414,0,0.8232992000843259,0.677100889905756,False,1.1120059104896847,2.213059078690208,False,STOP,CONTINUE
1,dose=3|rep=0,3.0,0,0.753,0,24,0.13575367467723057,0,0.8642463253227695,0.5126926567525105,False,0.952533692186757,2.0551368399022762,False,STOP,CONTINUE
1,dose=3|rep=0,3.0,0,0.753,0,28,0.19458803341822092,0,0.805411966581779,0.7184194349161558,False,0.851468852172983,2.3147899817095405,False,STOP,CONTINUE
1,dose=3|rep=0,3.0,0,0.753,0,32,0.15972561926383674,0,0.8402743807361632,0.6567562152016608,False,0.9125787685702257,2.3891396269320895,False,STOP,STOP
1,dose=3|rep=0,3.0,0,0.753,0,36,0.20863435329812016,0,0.7913656467018798,0.5666418555519621,False,0.8260788778941157,1.9380989295356545,False,STOP,STOP
1,dose=3|rep=0,3.0,0,0.753,0,40,0.19630235337225643,0,0.8036976466277436,0.6284642116515702,False,0.8289999229936119,1.8849681695670488,False,STOP,STOP
1,dose=3|rep=0,3.0,0,0.753,0,44,0.13686956406215492,0,0.8631304359378451,0.7517939253130982,False,0.771205429339877,1.7704504617769556,False,STOP,STOP
1,dose=3|rep=0,3.0,0,0.753,0,48,0.09512518452162666,0,0.9048748154783733,0.6610512611161147,False,0.9012642047409484,1.8811548943663507,False,STOP,STOP
1,dose=3|rep=0,3.0,0,0.753,0,52,0.09567424772726577,0,0.9043257522727343,0.7819433816974318,False,0.8254727611742948,1.8139464860272798,False,STOP,STOP
1,dose=3|rep=0,3.0,0,0.753,0,56,0.09732221084034837,0,0.9026777891596516,0.7977024113884572,False,0.8813498679445076,1.8302241967639974,False,STOP,STOP
1,dose=3|rep=0,3.0,0,0.753,0,60,0.04489922715354336,0,0.9551007728464567,0.7530086126146575,False,0.8855260663771568,1.9299263074709723,False,STOP,STOP
1,dose=3|rep=0,3.0,0,0.753,0,64,0.058516295573945165,0,0.9414837044260549,0.6325700163163885,False,0.8323517710308458,1.8907827553681251,False,STOP,STOP
1,dose=3|rep=0,3.0,0,0.753,0,68,0.08116550925447004,0,0.9188344907455299,0.6516799829237031,False,0.9336655980994869,1.8317626863022218,False,STOP,STOP
1,dose=3|rep=0,3.0,0,0.753,0,72,0.04694876818831159,0,0.9530512318116884,0.7009127514552415,False,0.9160828252882339,1.7678235974598104,False,STOP,STOP
2,dose=3|rep=1,3.0,1,1.004,0,0,0.43542087052270156,0,0.5645791294772984,1.01,False,0.6474765642762956,1.3951027453005052,False,CONTINUE,CONTINUE
2,dose=3|rep=1,3.0,1,1.004,0,4,0.6666371078765421,1,0.6666371078765421,1.01,False,1.4073042292685733,1.9807274141004716,False,CONTINUE,CONTINUE
2,dose=3|rep=1,3.0,1,1.004,0,8,0.3860151584844096,0,0.6139848415155904,1.01,False,1.2888873378027752,2.185990522033629,False,CONTINUE,CONTINUE
2,dose=3|rep=1,3.0,1,1.004,0,12,0.691083647221462,1,0.691083647221462,0.6589373066549026,False,1.1314337167380133,1.9304453253360574,False,STOP,CONTINUE
2,dose=3|rep=1,3.0,1,1.004,0,16,0.9725982290077805,1,0.9725982290077805,0.6814459146700114,False,1.4008658246153909,1.9834728606734155,False,STOP,CONTINUE
2,dose=3|rep=1,3.0,1,1.004,0,20,0.7601172158295803,1,0.7601172158295803,0.5395946617021806,False,1.2493062336196823,1.9683326821918157,False,STOP,CONTINUE
2,dose=3|rep=1,3.0,1,1.004,0,24,0.7944675536674909,1,0.7944675536674909,0.5351611257080844,False,1.3220706620726728,1.926921630184903,False,STOP,CONTINUE
2,dose=3|rep=1,3.0,1,1.004,0,28,0.8462866361569521,1,0.8462866361569521,0.5652540174030162,False,1.1744758941002622,1.8904369259514162,False,STOP,CONTINUE
2,dose=3|rep=1,3.0,1,1.004,0,32,0.8512084030154755,1,0.8512084030154755,0.6300003589168892,False,1.1114699316488215,1.9589972426057014,False,STOP,STOP
2,dose=3|rep=1,3.0,1,1.004,0,36,0.6214534573131498,1,0.6214534573131498,0.734337742279001,False,1.0481520916848939,1.762400522466105,False,CONTINUE,CONTINUE
2,dose=3|rep=1,3.0,1,1.004,0,40,0.526352820350731,1,0.526352820350731,0.7072617746513721,False,1.0525580339674865,1.4885045407897142,False,CONTINUE,CONTINUE
2,dose=3|rep=1,3.0,1,1.004,0,44,0.4949654635536136,0,0.5050345364463864,0.7116181657309373,False,1.0391678676485727,1.5528778631124696,False,CONTINUE,CONTINUE
2,dose=3|rep=1,3.0,1,1.004,0,48,0.5403209846294702,1,0.5403209846294702,0.6250536667348595,False,1.0076105411710339,1.3769877351580035,False,CONTINUE,CONTINUE
2,dose=3|rep=1,3.0,1,1.004,0,52,0.4096891633911558,0,0.5903108366088442,0.5983055389794101,False,0.9888611956015018,1.4699529432142988,False,CONTINUE,CONTINUE
2,dose=3|rep=1,3.0,1,1.004,0,56,0.4433291390639858,0,0.5566708609360143,0.5382263724706671,False,1.0678724383576514,1.4807991419619309,False,STOP,STOP
2,dose=3|rep=1,3.0,1,1.004,0,60,0.45372894442457073,0,0.5462710555754293,0.50739122293203,False,0.9926555121348001,1.3768478854847295,False,STOP,STOP
2,dose=3|rep=1,3.0,1,1.004,0,64,0.4371340674452667,0,0.5628659325547333,0.5483844892650663,False,1.020707546535677,1.670663623622739,False,STOP,STOP
2,dose=3|rep=1,3.0,1,1.004,0,68,0.3771848805434367,0,0.6228151194565633,0.5043054025006186,False,1.0587653932363739,1.7577183314107407,False,STOP,STOP
2,dose=3|rep=1,3.0,1,1.004,0,72,0.3156620981010594,0,0.6843379018989406,0.5895271197427461,False,1.1445914284455596,1.626554118570819,False,STOP,STOP
0,dose=3|rep=2,3.0,2,0.851,0,0,0.7474432756839602,1,0.7474432756839602,1.01,False,0.8717944017864848,1.019858303857065,False,CONTINUE,CONTINUE
0,dose=3|rep=2,3.0,2,0.851,0,4,0.974667132574633,1,0.974667132574633,0.7062009802959011,False,1.2194308343404312,1.8351575407270255,False,STOP,CONTINUE
0,dose=3|rep=2,3.0,2,0.851,0,8,0.9482175810287248,1,0.9482175810287248,1.01,False,1.2760930516550697,1.91163320645158,False,CONTINUE,CONTINUE
0,dose=3|rep=2,3.0,2,0.851,0,12,0.9842103747680483,1,0.9842103747680483,1.01,False,1.4173569932054257,2.059391811232935,False,CONTINUE,CONTINUE
0,dose=3|rep=2,3.0,2,0.851,0,16,0.7788149934122736,1,0.7788149934122736,1.01,False,1.296879713103552,2.001249797059373,False,CONTINUE,CONTINUE
0,dose=3|rep=2,3.0,2,0.851,0,20,0.45105978039741046,0,0.5489402196025895,0.621075374698578,False,0.9656206415158192,1.9312176960974972,False,CONTINUE,CONTINUE
0,dose=3|rep=2,3.0,2,0.851,0,24,0.42260275032058897,0,0.5773972496794111,0.7768377327695035,False,1.0234821784781207,1.891267283128753,False,CONTINUE,CONTINUE
0,dose=3|rep=2,3.0,2,0.851,0,28,0.3545762949323665,0,0.6454237050676335,0.6795052980312866,False,0.8755066535182813,1.848129550492604,False,CONTINUE,CONTINUE
0,dose=3|rep=2,3.0,2,0.851,0,32,0.2395396398003179,0,0.7604603601996821,0.8082064561549444,False,1.076389490949623,1.9699199351709313,False,CONTINUE,CONTINUE
0,dose=3|rep=2,3.0,2,0.851,0,36,0.10821547230145927,0,0.8917845276985408,0.5557481209544772,False,1.1344185862125777,1.82551342189183,False,STOP,STOP
0,dose=3|rep=2,3.0,2,0.851,0,40,0.06327611907447885,0,0.9367238809255212,0.5026652893101015,False,1.3008697076241624,1.9517195292537775,False,STOP,STOP
0,dose=3|rep=2,3.0,2,0.851,0,44,0.04844322703264226,0,0.9515567729673577,0.5448592642553487,False,0.9321817371327596,1.776120105346875,False,STOP,STOP
0,dose=3|rep=2,3.0,2,0.851,0,48,0.06626375394628102,0,0.933736246053719,0.5904532673023914,False,0.842125849949515,1.5161612227526615,False,STOP,STOP
0,dose=3|rep=2,3.0,2,0.851,0,52,0.04020070775995794,0,0.959799292240042,0.6827060554742507,False,0.9387953476942869,1.4425059983364286,False,STOP,STOP
0,dose=3|rep=2,3.0,2,0.851,0,56,0.035834063116734725,0,0.9641659368832652,0.6626567048677465,False,0.7307501457173607,1.5476226938498892,False,STOP,STOP
0,dose=3|rep=2,3.0,2,0.851,0,60,0.04002313748232493,0,0.9599768625176751,0.7224345874253288,False,0.7721773067783487,1.514484577424964,False,STOP,STOP
0,dose=3|rep=2,3.0,2,0.851,0,64,0.03671399958129775,0,0.9632860004187023,0.7305575867618065,False,0.74020943724124,1.4255304820912296,False,STOP,STOP
0,dose=3|rep=2,3.0,2,0.851,0,68,0.02168646012442751,0,0.9783135398755725,0.6869176314999684,False,0.9859192442784966,1.6845041117047548,False,STOP,STOP
0,dose=3|rep=2,3.0,2,0.851,0,72,0.015276414219019584,0,0.9847235857809804,0.6381335662821785,False,0.9863567899061159,1.4792918084571802,False,STOP,STOP
