minimum_stop_time,eesr,coverage,observation_savings
0.0,0.4117647058823529,0.8095238095238095,0.8529411764705882
4.0,0.45,0.9523809523809523,0.8194444444444444
8.0,0.3157894736842105,0.9047619047619048,0.7339181286549707
12.0,0.2857142857142857,1.0,0.7169312169312169
16.0,0.2857142857142857,1.0,0.7037037037037036
20.0,0.2857142857142857,1.0,0.6931216931216929
24.0,0.2,0.9523809523809523,0.6416666666666667
28.0,0.15,0.9523809523809523,0.5916666666666667
32.0,0.1,0.9523809523809523,0.5361111111111111
36.0,0.05,0.9523809523809523,0.47777777777777775
40.0,0.0,1.0,0.4232804232804232
44.0,0.0,0.9523809523809523,0.37222222222222223
48.0,0.0,0.9523809523809523,0.3277777777777778
52.0,0.0,0.9047619047619048,0.27485380116959063
56.0,0.0,0.9523809523809523,0.22222222222222224
60.0,0.0,0.8571428571428571,0.16666666666666663
64.0,0.0,0.9047619047619048,0.11111111111111116
68.0,0.0,0.9047619047619048,0.05555555555555558
