dataset,held_out_group,method,operating_point,risk_target,independent_test_units,stopped_early,incorrect_early,EESR,FP_EESR,FN_EESR,coverage,abstention_rate,observation_savings,observation_savings_stopped,mean_decision_time,median_decision_time,calibration_metric,OOD_status,seed_config,commit_hash
orgAInoid_Lens_Final,E001,gates_full,0.05,0.05,80,0,0,0.0,0.0,0.0,0.0,0.0,0.0,0.0,72.0,72.0,empirical group EESR,enabled,20260929,20eced06353f152f936cfba5517ba7305629052a
orgAInoid_Lens_Final,E002,gates_full,0.05,0.05,92,21,4,0.1904761904761904,0.1904761904761904,0.0,0.2282608695652173,0.0217391304347826,0.1902173913043478,0.8333333333333334,58.30434782608695,72.0,empirical group EESR,enabled,20260929,20eced06353f152f936cfba5517ba7305629052a
orgAInoid_Lens_Final,E004,gates_full,0.05,0.05,96,0,0,0.0,0.0,0.0,0.0,0.0,0.0,0.0,72.0,72.0,empirical group EESR,enabled,20260929,20eced06353f152f936cfba5517ba7305629052a
orgAInoid_Lens_Final,E005,gates_full,0.05,0.05,92,31,4,0.1290322580645161,0.0,0.1290322580645161,0.3369565217391304,0.2934782608695652,0.2807971014492754,0.833333333333333,51.78260869565217,72.0,empirical group EESR,enabled,20260929,20eced06353f152f936cfba5517ba7305629052a
orgAInoid_Lens_Final,E006,gates_full,0.05,0.05,95,0,0,0.0,0.0,0.0,0.0,0.0,0.0,0.0,72.0,72.0,empirical group EESR,enabled,20260929,20eced06353f152f936cfba5517ba7305629052a
orgAInoid_Lens_Final,E007,gates_full,0.05,0.05,93,0,0,0.0,0.0,0.0,0.0,0.0,0.0,0.0,72.0,72.0,empirical group EESR,enabled,20260929,20eced06353f152f936cfba5517ba7305629052a
orgAInoid_Lens_Final,E008,gates_full,0.05,0.05,91,32,7,0.21875,0.03125,0.1875,0.3516483516483517,0.0659340659340659,0.1465201465201465,0.4166666666666666,61.45054945054945,72.0,empirical group EESR,enabled,20260929,20eced06353f152f936cfba5517ba7305629052a
orgAInoid_Lens_Final,E009,gates_full,0.05,0.05,90,0,0,0.0,0.0,0.0,0.0,0.0,0.0,0.0,72.0,72.0,empirical group EESR,enabled,20260929,20eced06353f152f936cfba5517ba7305629052a
orgAInoid_Lens_Final,E010,gates_full,0.05,0.05,92,0,0,0.0,0.0,0.0,0.0,0.0,0.0,0.0,72.0,72.0,empirical group EESR,enabled,20260929,20eced06353f152f936cfba5517ba7305629052a
orgAInoid_Lens_Final,E011,gates_full,0.05,0.05,90,17,3,0.1764705882352941,0.0588235294117647,0.1176470588235294,0.1888888888888888,0.0444444444444444,0.0759259259259259,0.4019607843137254,66.53333333333333,72.0,empirical group EESR,enabled,20260929,20eced06353f152f936cfba5517ba7305629052a
orgAInoid_Lens_Final,E012,gates_full,0.05,0.05,77,0,0,0.0,0.0,0.0,0.0,0.0,0.0,0.0,72.0,72.0,empirical group EESR,enabled,20260929,20eced06353f152f936cfba5517ba7305629052a
