experiment,two_sample_auc,standardized_mean_distance,rbf_mmd,energy_distance,unit_ood_mean,unit_ood_p95,unit_ood_fraction,prediction_entropy_mean,prediction_entropy_p90,ensemble_disagreement_mean,ensemble_disagreement_p90,ambiguous_prediction_fraction,predicted_positive_fraction,observation_count_mean,observation_count_cv,trajectory_slope_norm_mean,trajectory_slope_norm_p90
E001,0.95921875,3.1912329539676816,0.08064555315289756,1.283718440727612,0.5836866043621723,0.9048075551646053,0.05,0.4875463508040044,0.6868610333031385,0.06307201800142269,0.11397973567184372,0.3,0.35,23.525,0.04141801332604692,3.304947585663494,4.781982129545384
E002,0.9452479338842975,3.5036506365884237,0.091480160806366,1.4238459842687288,0.5009676351946282,0.7159549253636618,0.022727272727272728,0.3322424924186837,0.6622846540886658,0.05333842959891102,0.1028663733179012,0.18181818181818182,0.19318181818181818,4.386363636363637,0.479239601017866,4.001730971857225,5.711648931465519
E004,0.900390625,5.238026660781182,0.23489249539017387,3.323612758736445,0.34310316473990826,0.47933680269336854,0.0,0.6440000390358277,0.6920970962808367,0.08371511842076396,0.1171328902253702,0.65625,0.5208333333333334,22.864583333333332,0.10499236408523893,2.6153451628537225,3.4933297552762066
E005,0.9323015122873346,7.776092796911991,0.23024793769551555,4.837018461117578,1.0458526269964643,1.6557885919105468,0.4673913043478261,0.4439670523195715,0.6891164347851049,0.11712746473042124,0.24557638374463275,0.40217391304347827,0.6521739130434783,23.065217391304348,0.07745206316324885,5.109364540633765,8.703166783869204
E006,0.8271468144044322,2.4944273743526715,0.05638151697669924,0.8344530967755031,0.7971541540117263,1.1435013868626327,0.17894736842105263,0.5442801604612393,0.6907110861664694,0.07192943362791504,0.11360118453882707,0.3684210526315789,0.4105263157894737,23.389473684210525,0.05991855314257688,3.0971580059575468,4.920801111671306
E007,0.8523528731645278,2.2338776412783754,0.05523865194874711,0.7654230277329619,0.7164044189155309,0.9466844176415005,0.043010752688172046,0.56159653985871,0.6878811907769427,0.07051941511470856,0.11008186819537429,0.3763440860215054,0.6774193548387096,23.440860215053764,0.07596972893086298,2.475396558287219,3.416120939170347
E008,0.790967274483758,1.4452600130347424,0.029653754805250232,0.418362540603618,0.6886949248197334,0.9148319577627062,0.03296703296703297,0.5863747862260029,0.6899560788694097,0.07205543541515325,0.1048399740964936,0.4835164835164835,0.5164835164835165,23.274725274725274,0.06979424926206754,2.4879290029393073,3.5892385668524507
E009,0.7751851851851852,2.0561720002001214,0.04452693449907974,0.6503467284798594,0.6242181543142808,0.8611339958097239,0.022222222222222223,0.6145061542112965,0.6917727340064351,0.08144532815154723,0.11934954413229744,0.6222222222222222,0.4888888888888889,23.22222222222222,0.08912888043156535,2.495284627104004,3.772133661078469
E010,0.7720935727788281,2.1323097536578577,0.041237183554216905,0.6504567402054917,0.6896648331356238,0.9210003498054258,0.03260869565217391,0.46692466951583805,0.67944587468788,0.06104666775837626,0.1145176850307975,0.2608695652173913,0.5434782608695652,23.0,0.08456056425839335,2.6948904402939706,3.8767837338155617
E011,0.680246913580247,2.152526790184615,0.04088162009764451,0.6289119191093411,0.5935296203788235,0.868187629876954,0.011111111111111112,0.4936896816108927,0.678106957742243,0.07157600519671593,0.11939607541219377,0.2777777777777778,0.4666666666666667,22.822222222222223,0.10704610050486318,2.862660322208849,4.195054974388417
E012,0.9205599595209986,3.451108513256146,0.09176431743020808,1.4256318508971875,0.5782456897210304,0.7717825367753879,0.025974025974025976,0.47581654930751793,0.6791304748354784,0.05900293205679999,0.09548113890940549,0.2597402597402597,0.05194805194805195,18.727272727272727,0.035101389000953574,3.051368202596518,4.3408442071955955
