risk_target,experiment,batch_gate_signal,batch_gate_score,batch_gate_threshold,batch_gate_state,development_auc,development_balanced_accuracy,true_phase2_eesr_without_batch_gate,true_eesr_with_batch_gate,early_stop_errors_prevented,units_deferred,observation_savings_lost,unit_coverage_lost,experiment_size,class_balance,unit_ood_summary,prediction_entropy_summary,shift_statistics,outer_fold,config_hash,unsafe_experiment
0.05,E001,trajectory_slope_norm_mean,-3.304947585663494,-2.495284627104004,ACCEPT_AUTOMATION,0.875,0.875,0.0,0.0,0,0,0.0,0.0,80,0.4,"{""fraction"": 0.05, ""mean"": 0.5836866043621723, ""p95"": 0.9048075551646053}","{""mean"": 0.4875463508040044, ""p90"": 0.6868610333031385}","{""energy_distance"": 1.283718440727612, ""rbf_mmd"": 0.08064555315289756, ""standardized_mean_distance"": 3.1912329539676816, ""two_sample_auc"": 0.95921875}",0,35f7642203792bdde9190fbdcd6c7fd0fa1ebd3c74068197cfe71f1fbb0f75f3,False
0.05,E002,trajectory_slope_norm_mean,-4.001730971857225,-2.495284627104004,ACCEPT_AUTOMATION,0.875,0.875,0.0,0.0,0,0,0.0,0.0,92,0.22826086956521738,"{""fraction"": 0.022727272727272728, ""mean"": 0.5009676351946282, ""p95"": 0.7159549253636618}","{""mean"": 0.3322424924186837, ""p90"": 0.6622846540886658}","{""energy_distance"": 1.4238459842687288, ""rbf_mmd"": 0.091480160806366, ""standardized_mean_distance"": 3.5036506365884237, ""two_sample_auc"": 0.9452479338842975}",1,35f7642203792bdde9190fbdcd6c7fd0fa1ebd3c74068197cfe71f1fbb0f75f3,False
0.05,E004,trajectory_slope_norm_mean,-2.6153451628537225,-2.495284627104004,ACCEPT_AUTOMATION,0.9166666666666666,0.875,0.0,0.0,0,0,0.0,0.0,96,0.0,"{""fraction"": 0.0, ""mean"": 0.34310316473990826, ""p95"": 0.47933680269336854}","{""mean"": 0.6440000390358277, ""p90"": 0.6920970962808367}","{""energy_distance"": 3.323612758736445, ""rbf_mmd"": 0.23489249539017387, ""standardized_mean_distance"": 5.238026660781182, ""two_sample_auc"": 0.900390625}",2,35f7642203792bdde9190fbdcd6c7fd0fa1ebd3c74068197cfe71f1fbb0f75f3,False
0.05,E005,trajectory_slope_norm_mean,-5.109364540633765,-2.495284627104004,ACCEPT_AUTOMATION,0.875,0.875,0.0,0.0,0,0,0.0,0.0,92,0.41304347826086957,"{""fraction"": 0.4673913043478261, ""mean"": 1.0458526269964643, ""p95"": 1.6557885919105468}","{""mean"": 0.4439670523195715, ""p90"": 0.6891164347851049}","{""energy_distance"": 4.837018461117578, ""rbf_mmd"": 0.23024793769551555, ""standardized_mean_distance"": 7.776092796911991, ""two_sample_auc"": 0.9323015122873346}",3,35f7642203792bdde9190fbdcd6c7fd0fa1ebd3c74068197cfe71f1fbb0f75f3,False
0.05,E006,trajectory_slope_norm_mean,-3.0971580059575468,-2.495284627104004,ACCEPT_AUTOMATION,0.875,0.875,0.0,0.0,0,0,0.0,0.0,95,0.6736842105263158,"{""fraction"": 0.17894736842105263, ""mean"": 0.7971541540117263, ""p95"": 1.1435013868626327}","{""mean"": 0.5442801604612393, ""p90"": 0.6907110861664694}","{""energy_distance"": 0.8344530967755031, ""rbf_mmd"": 0.05638151697669924, ""standardized_mean_distance"": 2.4944273743526715, ""two_sample_auc"": 0.8271468144044322}",4,35f7642203792bdde9190fbdcd6c7fd0fa1ebd3c74068197cfe71f1fbb0f75f3,False
0.05,E007,trajectory_slope_norm_mean,-2.475396558287219,-2.495284627104004,REFUSE_EARLY_STOPPING,0.8571428571428572,0.8333333333333333,0.30612244897959184,0.0,15,93,0.3028673835125448,0.5268817204301075,93,0.5053763440860215,"{""fraction"": 0.043010752688172046, ""mean"": 0.7164044189155309, ""p95"": 0.9466844176415005}","{""mean"": 0.56159653985871, ""p90"": 0.6878811907769427}","{""energy_distance"": 0.7654230277329619, ""rbf_mmd"": 0.05523865194874711, ""standardized_mean_distance"": 2.2338776412783754, ""two_sample_auc"": 0.8523528731645278}",5,35f7642203792bdde9190fbdcd6c7fd0fa1ebd3c74068197cfe71f1fbb0f75f3,True
0.05,E008,trajectory_slope_norm_mean,-2.4879290029393073,-2.495284627104004,REFUSE_EARLY_STOPPING,0.8571428571428572,0.8333333333333333,0.02666666666666667,0.0,2,91,0.1666666666666666,0.8241758241758241,91,0.6703296703296703,"{""fraction"": 0.03296703296703297, ""mean"": 0.6886949248197334, ""p95"": 0.9148319577627062}","{""mean"": 0.5863747862260029, ""p90"": 0.6899560788694097}","{""energy_distance"": 0.418362540603618, ""rbf_mmd"": 0.029653754805250232, ""standardized_mean_distance"": 1.4452600130347424, ""two_sample_auc"": 0.790967274483758}",6,35f7642203792bdde9190fbdcd6c7fd0fa1ebd3c74068197cfe71f1fbb0f75f3,True
0.05,E009,ensemble_disagreement_p90,-0.11934954413229744,-0.11008186819537429,ACCEPT_AUTOMATION,0.9047619047619048,0.9285714285714286,0.022727272727272728,0.022727272727272728,0,0,0.0,0.0,90,0.0,"{""fraction"": 0.022222222222222223, ""mean"": 0.6242181543142808, ""p95"": 0.8611339958097239}","{""mean"": 0.6145061542112965, ""p90"": 0.6917727340064351}","{""energy_distance"": 0.6503467284798594, ""rbf_mmd"": 0.04452693449907974, ""standardized_mean_distance"": 2.0561720002001214, ""two_sample_auc"": 0.7751851851851852}",7,35f7642203792bdde9190fbdcd6c7fd0fa1ebd3c74068197cfe71f1fbb0f75f3,True
0.05,E010,trajectory_slope_norm_mean,-2.6948904402939706,-2.495284627104004,ACCEPT_AUTOMATION,0.9166666666666666,0.875,0.0,0.0,0,0,0.0,0.0,92,0.4673913043478261,"{""fraction"": 0.03260869565217391, ""mean"": 0.6896648331356238, ""p95"": 0.9210003498054258}","{""mean"": 0.46692466951583805, ""p90"": 0.67944587468788}","{""energy_distance"": 0.6504567402054917, ""rbf_mmd"": 0.041237183554216905, ""standardized_mean_distance"": 2.1323097536578577, ""two_sample_auc"": 0.7720935727788281}",8,35f7642203792bdde9190fbdcd6c7fd0fa1ebd3c74068197cfe71f1fbb0f75f3,False
0.05,E011,trajectory_slope_norm_mean,-2.862660322208849,-2.495284627104004,ACCEPT_AUTOMATION,0.9166666666666666,0.875,0.0,0.0,0,0,0.0,0.0,90,0.6333333333333333,"{""fraction"": 0.011111111111111112, ""mean"": 0.5935296203788235, ""p95"": 0.868187629876954}","{""mean"": 0.4936896816108927, ""p90"": 0.678106957742243}","{""energy_distance"": 0.6289119191093411, ""rbf_mmd"": 0.04088162009764451, ""standardized_mean_distance"": 2.152526790184615, ""two_sample_auc"": 0.680246913580247}",9,35f7642203792bdde9190fbdcd6c7fd0fa1ebd3c74068197cfe71f1fbb0f75f3,False
0.05,E012,trajectory_slope_norm_mean,-3.051368202596518,-2.495284627104004,ACCEPT_AUTOMATION,1.0,1.0,0.13953488372093023,0.13953488372093023,0,0,0.0,0.0,77,0.5454545454545454,"{""fraction"": 0.025974025974025976, ""mean"": 0.5782456897210304, ""p95"": 0.7717825367753879}","{""mean"": 0.47581654930751793, ""p90"": 0.6791304748354784}","{""energy_distance"": 1.4256318508971875, ""rbf_mmd"": 0.09176431743020808, ""standardized_mean_distance"": 3.451108513256146, ""two_sample_auc"": 0.9205599595209986}",10,35f7642203792bdde9190fbdcd6c7fd0fa1ebd3c74068197cfe71f1fbb0f75f3,True
0.1,E001,energy_distance,-1.283718440727612,-0.6503467284798594,ACCEPT_AUTOMATION,0.7916666666666667,0.75,0.07246376811594203,0.07246376811594203,0,0,0.0,0.0,80,0.4,"{""fraction"": 0.05, ""mean"": 0.5836866043621723, ""p95"": 0.9048075551646053}","{""mean"": 0.4875463508040044, ""p90"": 0.6868610333031385}","{""energy_distance"": 1.283718440727612, ""rbf_mmd"": 0.08064555315289756, ""standardized_mean_distance"": 3.1912329539676816, ""two_sample_auc"": 0.95921875}",0,35f7642203792bdde9190fbdcd6c7fd0fa1ebd3c74068197cfe71f1fbb0f75f3,True
0.1,E002,energy_distance,-1.4238459842687288,-0.6503467284798594,ACCEPT_AUTOMATION,0.7916666666666667,0.75,0.05263157894736842,0.05263157894736842,0,0,0.0,0.0,92,0.22826086956521738,"{""fraction"": 0.022727272727272728, ""mean"": 0.5009676351946282, ""p95"": 0.7159549253636618}","{""mean"": 0.3322424924186837, ""p90"": 0.6622846540886658}","{""energy_distance"": 1.4238459842687288, ""rbf_mmd"": 0.091480160806366, ""standardized_mean_distance"": 3.5036506365884237, ""two_sample_auc"": 0.9452479338842975}",1,35f7642203792bdde9190fbdcd6c7fd0fa1ebd3c74068197cfe71f1fbb0f75f3,True
0.1,E004,unit_ood_mean,-0.34310316473990826,-0.6886949248197334,REFUSE_EARLY_STOPPING,0.9523809523809523,0.9285714285714286,0.0,0.0,0,96,0.12499999999999994,0.75,96,0.0,"{""fraction"": 0.0, ""mean"": 0.34310316473990826, ""p95"": 0.47933680269336854}","{""mean"": 0.6440000390358277, ""p90"": 0.6920970962808367}","{""energy_distance"": 3.323612758736445, ""rbf_mmd"": 0.23489249539017387, ""standardized_mean_distance"": 5.238026660781182, ""two_sample_auc"": 0.900390625}",2,35f7642203792bdde9190fbdcd6c7fd0fa1ebd3c74068197cfe71f1fbb0f75f3,False
0.1,E005,prediction_entropy_p90,-0.6891164347851049,-0.6899560788694097,REFUSE_EARLY_STOPPING,0.7619047619047619,0.7619047619047619,0.0,0.0,0,92,0.0,0.0,92,0.41304347826086957,"{""fraction"": 0.4673913043478261, ""mean"": 1.0458526269964643, ""p95"": 1.6557885919105468}","{""mean"": 0.4439670523195715, ""p90"": 0.6891164347851049}","{""energy_distance"": 4.837018461117578, ""rbf_mmd"": 0.23024793769551555, ""standardized_mean_distance"": 7.776092796911991, ""two_sample_auc"": 0.9323015122873346}",3,35f7642203792bdde9190fbdcd6c7fd0fa1ebd3c74068197cfe71f1fbb0f75f3,False
0.1,E006,predicted_positive_fraction,-0.4105263157894737,-0.5164835164835165,REFUSE_EARLY_STOPPING,0.8571428571428572,0.9285714285714286,0.0,0.0,0,95,0.0,0.0,95,0.6736842105263158,"{""fraction"": 0.17894736842105263, ""mean"": 0.7971541540117263, ""p95"": 1.1435013868626327}","{""mean"": 0.5442801604612393, ""p90"": 0.6907110861664694}","{""energy_distance"": 0.8344530967755031, ""rbf_mmd"": 0.05638151697669924, ""standardized_mean_distance"": 2.4944273743526715, ""two_sample_auc"": 0.8271468144044322}",4,35f7642203792bdde9190fbdcd6c7fd0fa1ebd3c74068197cfe71f1fbb0f75f3,False
0.1,E007,predicted_positive_fraction,-0.6774193548387096,-0.5164835164835165,ACCEPT_AUTOMATION,0.875,0.875,0.3880597014925373,0.3880597014925373,0,0,0.0,0.0,93,0.5053763440860215,"{""fraction"": 0.043010752688172046, ""mean"": 0.7164044189155309, ""p95"": 0.9466844176415005}","{""mean"": 0.56159653985871, ""p90"": 0.6878811907769427}","{""energy_distance"": 0.7654230277329619, ""rbf_mmd"": 0.05523865194874711, ""standardized_mean_distance"": 2.2338776412783754, ""two_sample_auc"": 0.8523528731645278}",5,35f7642203792bdde9190fbdcd6c7fd0fa1ebd3c74068197cfe71f1fbb0f75f3,True
0.1,E008,prediction_entropy_p90,-0.6899560788694097,-0.6878811907769427,ACCEPT_AUTOMATION,0.7916666666666667,0.7916666666666667,0.0375,0.0375,0,0,0.0,0.0,91,0.6703296703296703,"{""fraction"": 0.03296703296703297, ""mean"": 0.6886949248197334, ""p95"": 0.9148319577627062}","{""mean"": 0.5863747862260029, ""p90"": 0.6899560788694097}","{""energy_distance"": 0.418362540603618, ""rbf_mmd"": 0.029653754805250232, ""standardized_mean_distance"": 1.4452600130347424, ""two_sample_auc"": 0.790967274483758}",6,35f7642203792bdde9190fbdcd6c7fd0fa1ebd3c74068197cfe71f1fbb0f75f3,True
0.1,E009,prediction_entropy_p90,-0.6917727340064351,-0.6878811907769427,ACCEPT_AUTOMATION,0.8333333333333334,0.7916666666666667,0.125,0.125,0,0,0.0,0.0,90,0.0,"{""fraction"": 0.022222222222222223, ""mean"": 0.6242181543142808, ""p95"": 0.8611339958097239}","{""mean"": 0.6145061542112965, ""p90"": 0.6917727340064351}","{""energy_distance"": 0.6503467284798594, ""rbf_mmd"": 0.04452693449907974, ""standardized_mean_distance"": 2.0561720002001214, ""two_sample_auc"": 0.7751851851851852}",7,35f7642203792bdde9190fbdcd6c7fd0fa1ebd3c74068197cfe71f1fbb0f75f3,True
0.1,E010,ensemble_disagreement_mean,-0.06104666775837626,-0.07157600519671593,REFUSE_EARLY_STOPPING,0.9047619047619048,0.8571428571428572,0.0,0.0,0,92,0.07789855072463768,0.4673913043478261,92,0.4673913043478261,"{""fraction"": 0.03260869565217391, ""mean"": 0.6896648331356238, ""p95"": 0.9210003498054258}","{""mean"": 0.46692466951583805, ""p90"": 0.67944587468788}","{""energy_distance"": 0.6504567402054917, ""rbf_mmd"": 0.041237183554216905, ""standardized_mean_distance"": 2.1323097536578577, ""two_sample_auc"": 0.7720935727788281}",8,35f7642203792bdde9190fbdcd6c7fd0fa1ebd3c74068197cfe71f1fbb0f75f3,False
0.1,E011,ensemble_disagreement_p90,-0.11939607541219377,-0.11008186819537429,ACCEPT_AUTOMATION,0.8333333333333334,0.8333333333333333,0.019230769230769232,0.019230769230769232,0,0,0.0,0.0,90,0.6333333333333333,"{""fraction"": 0.011111111111111112, ""mean"": 0.5935296203788235, ""p95"": 0.868187629876954}","{""mean"": 0.4936896816108927, ""p90"": 0.678106957742243}","{""energy_distance"": 0.6289119191093411, ""rbf_mmd"": 0.04088162009764451, ""standardized_mean_distance"": 2.152526790184615, ""two_sample_auc"": 0.680246913580247}",9,35f7642203792bdde9190fbdcd6c7fd0fa1ebd3c74068197cfe71f1fbb0f75f3,True
0.1,E012,energy_distance,-1.4256318508971875,-0.6503467284798594,ACCEPT_AUTOMATION,0.7916666666666667,0.75,0.39436619718309857,0.39436619718309857,0,0,0.0,0.0,77,0.5454545454545454,"{""fraction"": 0.025974025974025976, ""mean"": 0.5782456897210304, ""p95"": 0.7717825367753879}","{""mean"": 0.47581654930751793, ""p90"": 0.6791304748354784}","{""energy_distance"": 1.4256318508971875, ""rbf_mmd"": 0.09176431743020808, ""standardized_mean_distance"": 3.451108513256146, ""two_sample_auc"": 0.9205599595209986}",10,35f7642203792bdde9190fbdcd6c7fd0fa1ebd3c74068197cfe71f1fbb0f75f3,True
