stress_scenario,dataset,held_out_group,method,operating_point,risk_target,independent_test_units,stopped_early,incorrect_early,EESR,FP_EESR,FN_EESR,coverage,abstention_rate,observation_savings,observation_savings_stopped,mean_decision_time,median_decision_time,calibration_metric,OOD_status,seed_config,commit_hash,EESR_exact_lower,EESR_exact_upper,model_kind,input_independent_units
missing_20pct,stress_missing,ALL,gates_full,0.05,0.05,988,438,27,0.0616438356164383,0.0410958904109589,0.0205479452054794,0.4433198380566802,0.0445344129554655,0.1228070175438596,0.2770167427701674,63.1578947368421,72.0,empirical group EESR,enabled,20260929,20eced06353f152f936cfba5517ba7305629052a,0.0410130262463228,0.0884239997467793,logistic,988
missing_20pct,stress_missing,ALL,gates_full,0.1,0.1,988,545,71,0.1302752293577981,0.0862385321100917,0.0440366972477064,0.5516194331983806,0.0546558704453441,0.224021592442645,0.4061162079510703,55.87044534412956,60.0,empirical group EESR,enabled,20260929,20eced06353f152f936cfba5517ba7305629052a,0.1031659264815535,0.1614664242089432,logistic,988
irregular_sampling,stress_irregular,ALL,gates_full,0.05,0.05,988,424,45,0.1061320754716981,0.0660377358490566,0.0400943396226415,0.4291497975708502,0.0404858299595141,0.1558704453441295,0.3632075471698113,60.77732793522267,72.0,empirical group EESR,enabled,20260929,20eced06353f152f936cfba5517ba7305629052a,0.0784729583635179,0.1394287648584262,logistic,988
irregular_sampling,stress_irregular,ALL,gates_full,0.1,0.1,988,584,70,0.1198630136986301,0.0753424657534246,0.0445205479452054,0.5910931174089069,0.0718623481781376,0.2565789473684211,0.4340753424657533,53.526315789473685,60.0,empirical group EESR,enabled,20260929,20eced06353f152f936cfba5517ba7305629052a,0.0946417935899644,0.1490016818425719,logistic,988
measurement_noise_025sd,stress_noise,ALL,gates_full,0.05,0.05,988,339,25,0.0737463126843657,0.0265486725663716,0.0471976401179941,0.3431174089068826,0.0354251012145749,0.0998650472334682,0.2910521140609636,64.80971659919028,72.0,empirical group EESR,enabled,20260929,20eced06353f152f936cfba5517ba7305629052a,0.0482906752404144,0.1069409795707067,logistic,988
measurement_noise_025sd,stress_noise,ALL,gates_full,0.1,0.1,988,596,65,0.1090604026845637,0.0704697986577181,0.0385906040268456,0.6032388663967612,0.0465587044534413,0.1897773279352226,0.3145973154362416,58.336032388663966,60.0,empirical group EESR,enabled,20260929,20eced06353f152f936cfba5517ba7305629052a,0.0851845470187363,0.1368890188101386,logistic,988
dropped_half_features,stress_dropped,ALL,gates_full,0.05,0.05,988,341,27,0.0791788856304985,0.0410557184750733,0.0381231671554252,0.3451417004048583,0.0607287449392712,0.1056005398110661,0.3059628543499511,64.39676113360323,72.0,empirical group EESR,enabled,20260929,20eced06353f152f936cfba5517ba7305629052a,0.0528260396163295,0.1131113906018647,logistic,988
dropped_half_features,stress_dropped,ALL,gates_full,0.1,0.1,988,587,73,0.1243611584327086,0.080068143100511,0.0442930153321976,0.5941295546558705,0.0850202429149797,0.2267206477732793,0.3816013628620102,55.67611336032389,60.0,empirical group EESR,enabled,20260929,20eced06353f152f936cfba5517ba7305629052a,0.0987595236453975,0.153811367960142,logistic,988
corrupt_early_10pct,stress_corrupt,ALL,gates_full,0.05,0.05,988,288,18,0.0625,0.03125,0.03125,0.291497975708502,0.0374493927125506,0.0696693657219973,0.2390046296296296,66.98380566801619,72.0,empirical group EESR,enabled,20260929,20eced06353f152f936cfba5517ba7305629052a,0.037458616804913,0.0969803201312345,logistic,988
corrupt_early_10pct,stress_corrupt,ALL,gates_full,0.1,0.1,988,513,61,0.1189083820662768,0.0682261208576998,0.0506822612085769,0.5192307692307693,0.0374493927125506,0.1271929824561403,0.2449642625081221,62.8421052631579,60.0,empirical group EESR,enabled,20260929,20eced06353f152f936cfba5517ba7305629052a,0.092187694766367,0.1501108371749877,logistic,988
reduced_2h_cadence,stress_cadence,ALL,gates_full,0.05,0.05,988,337,19,0.0563798219584569,0.0267062314540059,0.029673590504451,0.3410931174089069,0.0607287449392712,0.094298245614035,0.2764589515331355,65.21052631578948,72.0,empirical group EESR,enabled,20260929,20eced06353f152f936cfba5517ba7305629052a,0.0342819704417137,0.0866461744188973,logistic,988
reduced_2h_cadence,stress_cadence,ALL,gates_full,0.1,0.1,988,501,65,0.1297405189620758,0.091816367265469,0.0379241516966067,0.507085020242915,0.0647773279352226,0.1747638326585694,0.3446440452428476,59.41700404858299,60.0,empirical group EESR,enabled,20260929,20eced06353f152f936cfba5517ba7305629052a,0.1015767456667615,0.1623579255415291,logistic,988
altered_class_balance,stress_balance,ALL,gates_full,0.05,0.05,783,437,37,0.0846681922196796,0.0503432494279176,0.034324942791762,0.558109833971903,0.0434227330779054,0.1902937420178799,0.3409610983981693,58.298850574712645,60.0,empirical group EESR,enabled,20260929,20eced06353f152f936cfba5517ba7305629052a,0.0603137862343082,0.1148158522099632,logistic,783
altered_class_balance,stress_balance,ALL,gates_full,0.1,0.1,783,503,71,0.1411530815109344,0.0695825049701789,0.0715705765407554,0.6424010217113666,0.074074074074074,0.2779906343124734,0.4327369118621604,51.984674329501914,60.0,empirical group EESR,enabled,20260929,20eced06353f152f936cfba5517ba7305629052a,0.1119151908417777,0.174683695504229,logistic,783
alternate_seed,orgAInoid_RPE_Final,ALL,gates_full,0.05,0.05,988,439,25,0.0569476082004555,0.0341685649202733,0.0227790432801822,0.444331983805668,0.0384615384615384,0.122638326585695,0.2760060744115413,63.17004048582996,72.0,empirical group EESR,enabled,20260930,20eced06353f152f936cfba5517ba7305629052a,0.0371888126152213,0.0829207798764289,logistic,988
alternate_seed,orgAInoid_RPE_Final,ALL,gates_full,0.1,0.1,988,580,76,0.1310344827586207,0.093103448275862,0.0379310344827586,0.5870445344129555,0.0506072874493927,0.2363360323886639,0.4025862068965516,54.983805668016196,60.0,empirical group EESR,enabled,20260930,20eced06353f152f936cfba5517ba7305629052a,0.1046472897683838,0.1612449793730717,logistic,988
decision_tree_predictor,orgAInoid_RPE_Final,ALL,gates_full,0.05,0.05,988,279,44,0.1577060931899641,0.014336917562724,0.1433691756272401,0.2823886639676113,0.0323886639676113,0.1115047233468286,0.3948626045400238,63.97165991902834,72.0,empirical group EESR,enabled,20260929,20eced06353f152f936cfba5517ba7305629052a,0.1169879115137909,0.2058715561163767,decision_tree,988
decision_tree_predictor,orgAInoid_RPE_Final,ALL,gates_full,0.1,0.1,988,300,51,0.17,0.0166666666666666,0.1533333333333333,0.3036437246963562,0.0678137651821862,0.1278677462887989,0.4211111111111111,62.79352226720648,72.0,empirical group EESR,enabled,20260929,20eced06353f152f936cfba5517ba7305629052a,0.1292731282934167,0.217385159670419,decision_tree,988
