fold,test_group,decision_time,risk_target,pooled_threshold,pooled_errors,pooled_stops,group_threshold,group_errors,group_stops,worst_group_risk,group_upper_risk,group_certified,ood_threshold,method,can_stop,calibration_eesr,validation_eesr,hoeffding_epsilon,validation_bound,status
0,E001,12.0,0.02,0.9827337398448893,0.0,12.0,1.01,0.0,0.0,1.0,1.0,False,1.080731624664049,,,,,,,
0,E001,12.0,0.05,0.9827337398448893,0.0,12.0,1.01,0.0,0.0,1.0,1.0,False,1.080731624664049,,,,,,,
0,E001,12.0,0.1,0.9789883293555778,1.0,14.0,1.01,0.0,0.0,1.0,1.0,False,1.080731624664049,,,,,,,
0,E001,12.0,0.15,0.7400677369467588,13.0,87.0,0.7730246040564974,10.0,72.0,0.140625,0.2241926773034456,False,1.080731624664049,,,,,,,
0,E001,12.0,0.2,0.5740836788530231,28.0,143.0,0.6026979182445333,24.0,132.0,0.19607843137254902,0.2460623023835307,False,1.080731624664049,,,,,,,
0,E001,12.0,0.3,0.519790769856854,42.0,175.0,0.5000216270480355,47.0,183.0,0.2916666666666667,0.3154331163307392,False,1.080731624664049,,,,,,,
0,E001,24.0,0.02,0.9945036373931387,0.0,13.0,1.01,0.0,0.0,1.0,1.0,False,0.9244830413618823,,,,,,,
0,E001,24.0,0.05,0.9945036373931387,0.0,13.0,1.01,0.0,0.0,1.0,1.0,False,0.9244830413618823,,,,,,,
0,E001,24.0,0.1,0.5888790223679254,15.0,151.0,0.6148361177881503,10.0,139.0,0.0945945945945946,0.11897466217652157,False,0.9244830413618823,,,,,,,
0,E001,24.0,0.15,0.5888790223679254,15.0,151.0,0.5884584522844782,16.0,152.0,0.15,0.15548118276738165,False,0.9244830413618823,,,,,,,
0,E001,24.0,0.2,0.5438701093734309,24.0,168.0,0.501982692982199,31.0,183.0,0.19540229885057472,0.2216995496356338,False,0.9244830413618823,,,,,,,
0,E001,24.0,0.3,0.501982692982199,31.0,183.0,0.501982692982199,31.0,183.0,0.19540229885057472,0.2216995496356338,True,0.9244830413618823,,,,,,,
0,E001,36.0,0.02,1.01,0.0,0.0,1.01,0.0,0.0,1.0,1.0,False,1.068939026431167,,,,,,,
0,E001,36.0,0.05,0.8072171374081992,1.0,27.0,1.01,0.0,0.0,1.0,1.0,False,1.068939026431167,,,,,,,
0,E001,36.0,0.1,0.6691519070553236,11.0,110.0,0.8072171374081992,1.0,27.0,0.09090909090909091,0.1639743947453072,False,1.068939026431167,,,,,,,
0,E001,36.0,0.15,0.5992414621104152,21.0,144.0,0.8072171374081992,1.0,27.0,0.09090909090909091,0.1639743947453072,False,1.068939026431167,,,,,,,
0,E001,36.0,0.2,0.6018037889054143,20.0,143.0,0.764297856553694,5.0,57.0,0.18518518518518517,0.1756310814120717,True,1.068939026431167,,,,,,,
0,E001,36.0,0.3,0.5039199003624588,40.0,183.0,0.6089721817512496,18.0,141.0,0.2903225806451613,0.18341002913120322,True,1.068939026431167,,,,,,,
0,E001,48.0,0.02,0.8647250165837952,2.0,107.0,0.888451976822225,0.0,94.0,0.0,0.03136701207878765,False,1.0945122108520522,,,,,,,
0,E001,48.0,0.05,0.8796513065777144,1.0,99.0,0.8796513065777144,1.0,99.0,0.034482758620689655,0.04702123972814064,True,1.0945122108520522,,,,,,,
0,E001,48.0,0.1,0.7201537475855138,9.0,162.0,0.8356864512430242,4.0,124.0,0.09523809523809523,0.07229508753871741,True,1.0945122108520522,,,,,,,
0,E001,48.0,0.15,0.5038896731718455,16.0,183.0,0.5624204831763631,12.0,176.0,0.15,0.10812946002278327,True,1.0945122108520522,,,,,,,
0,E001,48.0,0.2,0.5038896731718455,16.0,183.0,0.5038896731718455,16.0,183.0,0.1839080459770115,0.12976499112282938,True,1.0945122108520522,,,,,,,
0,E001,48.0,0.3,0.5038896731718455,16.0,183.0,0.5038896731718455,16.0,183.0,0.1839080459770115,0.12976499112282938,True,1.0945122108520522,,,,,,,
0,E001,60.0,0.02,0.9257020134553201,2.0,111.0,0.9357385801572888,0.0,95.0,0.0,0.03104201186795486,False,1.118238462261666,,,,,,,
0,E001,60.0,0.05,0.9293801353419167,1.0,106.0,0.9293801353419167,1.0,106.0,0.03225806451612903,0.043970820609420126,True,1.118238462261666,,,,,,,
0,E001,60.0,0.1,0.7259978419626605,9.0,163.0,0.7867424983592802,5.0,153.0,0.08771929824561403,0.0674805853056186,True,1.118238462261666,,,,,,,
0,E001,60.0,0.15,0.5221015938045797,18.0,183.0,0.7016537224498987,10.0,164.0,0.14705882352941177,0.10123311892777653,True,1.118238462261666,,,,,,,
0,E001,60.0,0.2,0.5221015938045797,18.0,183.0,0.570976146664809,15.0,173.0,0.19480519480519481,0.13037012133958534,True,1.118238462261666,,,,,,,
0,E001,60.0,0.3,0.5221015938045797,18.0,183.0,0.5221015938045797,18.0,183.0,0.20689655172413793,0.14236678652201493,True,1.118238462261666,,,,,,,
0,E001,72.0,0.02,0.9958298442244307,0.0,43.0,1.01,0.0,0.0,1.0,1.0,False,1.2957675251514011,,,,,,,
0,E001,72.0,0.05,0.5168728063120513,8.0,188.0,1.01,0.0,0.0,1.0,1.0,False,1.2957675251514011,,,,,,,
0,E001,72.0,0.1,0.5168728063120513,8.0,188.0,0.5168728063120513,8.0,188.0,0.08695652173913043,0.07546841426682592,True,1.2957675251514011,,,,,,,
0,E001,72.0,0.15,0.5168728063120513,8.0,188.0,0.5168728063120513,8.0,188.0,0.08695652173913043,0.07546841426682592,True,1.2957675251514011,,,,,,,
0,E001,72.0,0.2,0.5168728063120513,8.0,188.0,0.5168728063120513,8.0,188.0,0.08695652173913043,0.07546841426682592,True,1.2957675251514011,,,,,,,
0,E001,72.0,0.3,0.5168728063120513,8.0,188.0,0.5168728063120513,8.0,188.0,0.08695652173913043,0.07546841426682592,True,1.2957675251514011,,,,,,,
0,E001,sequential,0.02,,,,,,,,,,,cbes_style,"(False, False, False, False, False, False)",0.0,0.0,0.12491105738922276,0.12491105738922276,conservative_no_stop
0,E001,sequential,0.05,,,,,,,,,,,cbes_style,"(False, False, False, False, False, False)",0.0,0.0,0.12491105738922276,0.12491105738922276,conservative_no_stop
0,E001,sequential,0.1,,,,,,,,,,,cbes_style,"(False, False, False, False, False, True)",0.06896551724137931,0.0,0.12491105738922276,0.12491105738922276,calibrated
0,E001,sequential,0.15,,,,,,,,,,,cbes_style,"(False, True, False, False, True, True)",0.14772727272727273,0.041666666666666664,0.12491105738922276,0.16657772405588941,calibrated
0,E001,sequential,0.2,,,,,,,,,,,cbes_style,"(True, True, False, True, True, True)",0.1590909090909091,0.11458333333333333,0.12491105738922276,0.23949439072255607,calibrated
0,E001,sequential,0.3,,,,,,,,,,,cbes_style,"(True, True, True, True, True, True)",0.15730337078651685,0.11458333333333333,0.12491105738922276,0.23949439072255607,calibrated
1,E002,12.0,0.02,1.01,0.0,0.0,1.01,0.0,0.0,1.0,1.0,False,1.6862296388887565,,,,,,,
1,E002,12.0,0.05,1.01,0.0,0.0,1.01,0.0,0.0,1.0,1.0,False,1.6862296388887565,,,,,,,
1,E002,12.0,0.1,1.01,0.0,0.0,1.01,0.0,0.0,1.0,1.0,False,1.6862296388887565,,,,,,,
1,E002,12.0,0.15,1.01,0.0,0.0,1.01,0.0,0.0,1.0,1.0,False,1.6862296388887565,,,,,,,
1,E002,12.0,0.2,1.01,0.0,0.0,1.01,0.0,0.0,1.0,1.0,False,1.6862296388887565,,,,,,,
1,E002,12.0,0.3,0.7131530275783031,24.0,80.0,1.01,0.0,0.0,1.0,1.0,False,1.6862296388887565,,,,,,,
1,E002,24.0,0.02,1.01,0.0,0.0,1.01,0.0,0.0,1.0,1.0,False,1.367374800195818,,,,,,,
1,E002,24.0,0.05,1.01,0.0,0.0,1.01,0.0,0.0,1.0,1.0,False,1.367374800195818,,,,,,,
1,E002,24.0,0.1,0.9648226057219613,1.0,18.0,1.01,0.0,0.0,1.0,1.0,False,1.367374800195818,,,,,,,
1,E002,24.0,0.15,0.940515167490963,4.0,27.0,1.01,0.0,0.0,1.0,1.0,False,1.367374800195818,,,,,,,
1,E002,24.0,0.2,0.8167809943358932,11.0,55.0,1.01,0.0,0.0,1.0,1.0,False,1.367374800195818,,,,,,,
1,E002,24.0,0.3,0.9631603461754416,2.0,19.0,0.5617837248518563,44.0,155.0,0.3,0.3494685918497983,False,1.367374800195818,,,,,,,
1,E002,36.0,0.02,1.01,0.0,0.0,1.01,0.0,0.0,1.0,1.0,False,1.4261922188487393,,,,,,,
1,E002,36.0,0.05,1.01,0.0,0.0,1.01,0.0,0.0,1.0,1.0,False,1.4261922188487393,,,,,,,
1,E002,36.0,0.1,0.9398198560207397,1.0,10.0,1.01,0.0,0.0,1.0,1.0,False,1.4261922188487393,,,,,,,
1,E002,36.0,0.15,0.9398198560207397,1.0,10.0,1.01,0.0,0.0,1.0,1.0,False,1.4261922188487393,,,,,,,
1,E002,36.0,0.2,0.5295563907615023,36.0,180.0,1.01,0.0,0.0,1.0,1.0,False,1.4261922188487393,,,,,,,
1,E002,36.0,0.3,0.5049626785308425,39.0,188.0,0.8074633265884009,13.0,65.0,0.29545454545454547,0.2990527557819538,True,1.4261922188487393,,,,,,,
1,E002,48.0,0.02,0.9879988551097749,0.0,10.0,1.01,0.0,0.0,1.0,1.0,False,1.316513935640203,,,,,,,
1,E002,48.0,0.05,0.9879988551097749,0.0,10.0,1.01,0.0,0.0,1.0,1.0,False,1.316513935640203,,,,,,,
1,E002,48.0,0.1,0.8665675366062319,6.0,119.0,1.01,0.0,0.0,1.0,1.0,False,1.316513935640203,,,,,,,
1,E002,48.0,0.15,0.7502388053678718,16.0,161.0,0.8658842407486761,7.0,120.0,0.14583333333333334,0.10677172541532226,True,1.316513935640203,,,,,,,
1,E002,48.0,0.2,0.5044232688744997,24.0,188.0,0.7670192537405297,13.0,157.0,0.19696969696969696,0.12842206953331334,True,1.316513935640203,,,,,,,
1,E002,48.0,0.3,0.5044232688744997,24.0,188.0,0.5044232688744997,24.0,188.0,0.2608695652173913,0.17481376776745172,True,1.316513935640203,,,,,,,
1,E002,60.0,0.02,0.9599967328566429,1.0,63.0,0.9701383778364306,0.0,44.0,0.0,0.06581877114493394,False,1.2011600526946098,,,,,,,
1,E002,60.0,0.05,0.7663273761958944,8.0,169.0,0.9599967328566429,1.0,63.0,0.03333333333333333,0.07309861726047191,False,1.2011600526946098,,,,,,,
1,E002,60.0,0.1,0.7377821157095579,10.0,172.0,0.8811799974619087,5.0,142.0,0.09433962264150944,0.07260564229604018,True,1.2011600526946098,,,,,,,
1,E002,60.0,0.15,0.540733439698511,19.0,187.0,0.6667231473152537,12.0,178.0,0.14634146341463414,0.10694056621877294,True,1.2011600526946098,,,,,,,
1,E002,60.0,0.2,0.5401669220454949,20.0,188.0,0.5437330792102728,18.0,186.0,0.2,0.14012637291670155,True,1.2011600526946098,,,,,,,
1,E002,60.0,0.3,0.5401669220454949,20.0,188.0,0.5401669220454949,20.0,188.0,0.21739130434782608,0.150824623152388,True,1.2011600526946098,,,,,,,
1,E002,72.0,0.02,0.9118978958731541,2.0,136.0,0.9526795190048847,0.0,97.0,0.0,0.030411804036931098,False,1.1851614439897,,,,,,,
1,E002,72.0,0.05,0.9118978958731541,2.0,136.0,0.9118978958731541,2.0,136.0,0.0392156862745098,0.04556687765819384,True,1.1851614439897,,,,,,,
1,E002,72.0,0.1,0.7715029328551014,10.0,168.0,0.8341027669407913,6.0,160.0,0.09090909090909091,0.07266876382866709,True,1.1851614439897,,,,,,,
1,E002,72.0,0.15,0.5832429960520671,19.0,186.0,0.6757093320880324,12.0,176.0,0.15,0.10812946002278327,True,1.1851614439897,,,,,,,
1,E002,72.0,0.2,0.5009207442511339,20.0,188.0,0.6137113104663179,17.0,182.0,0.19767441860465115,0.13681288608678993,True,1.1851614439897,,,,,,,
1,E002,72.0,0.3,0.5009207442511339,20.0,188.0,0.5009207442511339,20.0,188.0,0.21739130434782608,0.150824623152388,True,1.1851614439897,,,,,,,
1,E002,sequential,0.02,,,,,,,,,,,cbes_style,"(False, False, False, True, True, True)",0.0,0.20689655172413793,0.12759762403986807,0.334494175764006,calibrated
1,E002,sequential,0.05,,,,,,,,,,,cbes_style,"(False, False, True, True, True, True)",0.031578947368421054,0.24719101123595505,0.12759762403986807,0.3747886352758231,calibrated
1,E002,sequential,0.1,,,,,,,,,,,cbes_style,"(False, False, True, True, True, True)",0.031578947368421054,0.24719101123595505,0.12759762403986807,0.3747886352758231,calibrated
1,E002,sequential,0.15,,,,,,,,,,,cbes_style,"(False, True, True, True, True, True)",0.07368421052631578,0.2857142857142857,0.12759762403986807,0.4133119097541538,calibrated
1,E002,sequential,0.2,,,,,,,,,,,cbes_style,"(False, True, True, True, True, True)",0.07368421052631578,0.2857142857142857,0.12759762403986807,0.4133119097541538,calibrated
1,E002,sequential,0.3,,,,,,,,,,,cbes_style,"(True, True, True, True, True, True)",0.14583333333333334,0.2826086956521739,0.12759762403986807,0.41020631969204197,calibrated
2,E004,12.0,0.02,1.01,0.0,0.0,1.01,0.0,0.0,1.0,1.0,False,1.7002707654227784,,,,,,,
2,E004,12.0,0.05,1.01,0.0,0.0,1.01,0.0,0.0,1.0,1.0,False,1.7002707654227784,,,,,,,
2,E004,12.0,0.1,1.01,0.0,0.0,1.01,0.0,0.0,1.0,1.0,False,1.7002707654227784,,,,,,,
2,E004,12.0,0.15,1.01,0.0,0.0,1.01,0.0,0.0,1.0,1.0,False,1.7002707654227784,,,,,,,
2,E004,12.0,0.2,0.9050082094613764,5.0,26.0,1.01,0.0,0.0,1.0,1.0,False,1.7002707654227784,,,,,,,
2,E004,12.0,0.3,0.609723777410137,45.0,150.0,0.7137563810158054,31.0,121.0,0.296875,0.32972152454214587,False,1.7002707654227784,,,,,,,
2,E004,24.0,0.02,1.01,0.0,0.0,1.01,0.0,0.0,1.0,1.0,False,1.3521833082536951,,,,,,,
2,E004,24.0,0.05,1.01,0.0,0.0,1.01,0.0,0.0,1.0,1.0,False,1.3521833082536951,,,,,,,
2,E004,24.0,0.1,0.9608068397645589,1.0,13.0,1.01,0.0,0.0,1.0,1.0,False,1.3521833082536951,,,,,,,
2,E004,24.0,0.15,0.9487933529080333,2.0,16.0,1.01,0.0,0.0,1.0,1.0,False,1.3521833082536951,,,,,,,
2,E004,24.0,0.2,0.6881908881384626,26.0,130.0,1.01,0.0,0.0,1.0,1.0,False,1.3521833082536951,,,,,,,
2,E004,24.0,0.3,0.5748964712422443,40.0,168.0,0.6546214988393984,32.0,143.0,0.2972972972972973,0.28867253040573493,True,1.3521833082536951,,,,,,,
2,E004,36.0,0.02,1.01,0.0,0.0,1.01,0.0,0.0,1.0,1.0,False,1.3787519571983233,,,,,,,
2,E004,36.0,0.05,1.01,0.0,0.0,1.01,0.0,0.0,1.0,1.0,False,1.3787519571983233,,,,,,,
2,E004,36.0,0.1,0.9498598184466177,1.0,10.0,1.01,0.0,0.0,1.0,1.0,False,1.3787519571983233,,,,,,,
2,E004,36.0,0.15,0.9498598184466177,1.0,10.0,1.01,0.0,0.0,1.0,1.0,False,1.3787519571983233,,,,,,,
2,E004,36.0,0.2,0.9313821321759576,2.0,12.0,1.01,0.0,0.0,1.0,1.0,False,1.3787519571983233,,,,,,,
2,E004,36.0,0.3,0.5110685291539296,54.0,182.0,1.01,0.0,0.0,1.0,1.0,False,1.3787519571983233,,,,,,,
2,E004,48.0,0.02,0.9898343469179933,0.0,14.0,1.01,0.0,0.0,1.0,1.0,False,1.3538910434392115,,,,,,,
2,E004,48.0,0.05,0.9898343469179933,0.0,14.0,1.01,0.0,0.0,1.0,1.0,False,1.3538910434392115,,,,,,,
2,E004,48.0,0.1,0.9190411524100316,7.0,74.0,0.9889329794107116,1.0,16.0,0.09090909090909091,0.2639573972885685,False,1.3538910434392115,,,,,,,
2,E004,48.0,0.15,0.8750562734305478,14.0,96.0,0.9889329794107116,1.0,16.0,0.09090909090909091,0.2639573972885685,False,1.3538910434392115,,,,,,,
2,E004,48.0,0.2,0.8917615295337187,11.0,89.0,0.8723586133642702,15.0,97.0,0.18867924528301888,0.22808449070247078,False,1.3538910434392115,,,,,,,
2,E004,48.0,0.3,0.6144795345157253,39.0,165.0,0.5023510142421073,51.0,187.0,0.2826086956521739,0.33145596314410314,False,1.3538910434392115,,,,,,,
2,E004,60.0,0.02,0.9953858995964335,0.0,10.0,1.01,0.0,0.0,1.0,1.0,False,1.198649716788462,,,,,,,
2,E004,60.0,0.05,0.9571537064607962,3.0,64.0,0.9682424263790279,2.0,52.0,0.045454545454545456,0.11616746318033641,False,1.198649716788462,,,,,,,
2,E004,60.0,0.1,0.8870635451532356,11.0,110.0,0.9565098599875473,4.0,65.0,0.1,0.1353119711320861,False,1.198649716788462,,,,,,,
2,E004,60.0,0.15,0.8890532873298388,9.0,108.0,0.8829439907404311,13.0,114.0,0.14035087719298245,0.17517835856374347,False,1.198649716788462,,,,,,,
2,E004,60.0,0.2,0.7020385139790064,23.0,160.0,0.6483504077081321,28.0,169.0,0.2,0.22002826078874502,False,1.198649716788462,,,,,,,
2,E004,60.0,0.3,0.5096968467882733,33.0,187.0,0.5096968467882733,33.0,187.0,0.21739130434782608,0.2287733881323191,True,1.198649716788462,,,,,,,
2,E004,72.0,0.02,0.9779155879457819,1.0,52.0,0.9840948854782289,0.0,43.0,0.0,0.06729675341386782,False,1.1869108897950946,,,,,,,
2,E004,72.0,0.05,0.9234030618128137,5.0,105.0,0.9779155879457819,1.0,52.0,0.03333333333333333,0.08800893075719356,False,1.1869108897950946,,,,,,,
2,E004,72.0,0.1,0.9234030618128137,5.0,105.0,0.8978799331822036,8.0,114.0,0.09615384615384616,0.12305632808675752,False,1.1869108897950946,,,,,,,
2,E004,72.0,0.15,0.8440875222050845,13.0,138.0,0.8719667674445812,11.0,122.0,0.13793103448275862,0.14482801128667935,True,1.1869108897950946,,,,,,,
2,E004,72.0,0.2,0.6366610135668941,25.0,171.0,0.6006407894308585,28.0,176.0,0.2,0.21155510692079585,False,1.1869108897950946,,,,,,,
2,E004,72.0,0.3,0.5109352415276851,33.0,187.0,0.5109352415276851,33.0,187.0,0.22826086956521738,0.2287733881323191,True,1.1869108897950946,,,,,,,
2,E004,sequential,0.02,,,,,,,,,,,cbes_style,"(False, False, False, False, False, False)",0.0,0.0,0.12556676298317815,0.12556676298317815,conservative_no_stop
2,E004,sequential,0.05,,,,,,,,,,,cbes_style,"(False, False, False, False, False, False)",0.0,0.0,0.12556676298317815,0.12556676298317815,conservative_no_stop
2,E004,sequential,0.1,,,,,,,,,,,cbes_style,"(False, False, False, False, False, False)",0.0,0.0,0.12556676298317815,0.12556676298317815,conservative_no_stop
2,E004,sequential,0.15,,,,,,,,,,,cbes_style,"(False, False, False, False, False, False)",0.0,0.0,0.12556676298317815,0.12556676298317815,conservative_no_stop
2,E004,sequential,0.2,,,,,,,,,,,cbes_style,"(False, False, False, False, False, True)",0.17105263157894737,0.08333333333333333,0.12556676298317815,0.20890009631651146,calibrated
2,E004,sequential,0.3,,,,,,,,,,,cbes_style,"(False, False, False, True, True, True)",0.2087912087912088,0.25263157894736843,0.12556676298317815,0.3781983419305466,calibrated
3,E005,12.0,0.02,1.01,0.0,0.0,1.01,0.0,0.0,1.0,1.0,False,1.02156169042954,,,,,,,
3,E005,12.0,0.05,1.01,0.0,0.0,1.01,0.0,0.0,1.0,1.0,False,1.02156169042954,,,,,,,
3,E005,12.0,0.1,1.01,0.0,0.0,1.01,0.0,0.0,1.0,1.0,False,1.02156169042954,,,,,,,
3,E005,12.0,0.15,1.01,0.0,0.0,1.01,0.0,0.0,1.0,1.0,False,1.02156169042954,,,,,,,
3,E005,12.0,0.2,0.7292633593814992,17.0,85.0,0.8988910497936218,3.0,17.0,0.2,0.3956414334448209,False,1.02156169042954,,,,,,,
3,E005,12.0,0.3,0.687210611220926,22.0,100.0,0.6819482592922778,24.0,102.0,0.2857142857142857,0.31465219098835573,False,1.02156169042954,,,,,,,
3,E005,24.0,0.02,1.01,0.0,0.0,1.01,0.0,0.0,1.0,1.0,False,0.8889079805676737,,,,,,,
3,E005,24.0,0.05,1.01,0.0,0.0,1.01,0.0,0.0,1.0,1.0,False,0.8889079805676737,,,,,,,
3,E005,24.0,0.1,0.9392821758040885,1.0,10.0,1.01,0.0,0.0,1.0,1.0,False,0.8889079805676737,,,,,,,
3,E005,24.0,0.15,0.7809831118981592,13.0,87.0,1.01,0.0,0.0,1.0,1.0,False,0.8889079805676737,,,,,,,
3,E005,24.0,0.2,0.6777238484083925,27.0,136.0,1.01,0.0,0.0,1.0,1.0,False,0.8889079805676737,,,,,,,
3,E005,24.0,0.3,0.6017022109754856,37.0,158.0,0.6836119743153218,26.0,135.0,0.29508196721311475,0.2570304551075878,True,0.8889079805676737,,,,,,,
3,E005,36.0,0.02,1.01,0.0,0.0,1.01,0.0,0.0,1.0,1.0,False,1.2535240291430347,,,,,,,
3,E005,36.0,0.05,1.01,0.0,0.0,1.01,0.0,0.0,1.0,1.0,False,1.2535240291430347,,,,,,,
3,E005,36.0,0.1,1.01,0.0,0.0,1.01,0.0,0.0,1.0,1.0,False,1.2535240291430347,,,,,,,
3,E005,36.0,0.15,1.01,0.0,0.0,1.01,0.0,0.0,1.0,1.0,False,1.2535240291430347,,,,,,,
3,E005,36.0,0.2,1.01,0.0,0.0,1.01,0.0,0.0,1.0,1.0,False,1.2535240291430347,,,,,,,
3,E005,36.0,0.3,0.719187761568701,27.0,90.0,1.01,0.0,0.0,1.0,1.0,False,1.2535240291430347,,,,,,,
3,E005,48.0,0.02,1.01,0.0,0.0,1.01,0.0,0.0,1.0,1.0,False,1.3668654958154827,,,,,,,
3,E005,48.0,0.05,1.01,0.0,0.0,1.01,0.0,0.0,1.0,1.0,False,1.3668654958154827,,,,,,,
3,E005,48.0,0.1,0.9793576225768423,2.0,21.0,1.01,0.0,0.0,1.0,1.0,False,1.3668654958154827,,,,,,,
3,E005,48.0,0.15,0.9562801684416429,6.0,43.0,1.01,0.0,0.0,1.0,1.0,False,1.3668654958154827,,,,,,,
3,E005,48.0,0.2,0.9362474937121851,13.0,66.0,1.01,0.0,0.0,1.0,1.0,False,1.3668654958154827,,,,,,,
3,E005,48.0,0.3,0.9333830504470142,14.0,69.0,0.9669115476870862,4.0,37.0,0.2857142857142857,0.23054285080233342,True,1.3668654958154827,,,,,,,
3,E005,60.0,0.02,1.01,0.0,0.0,1.01,0.0,0.0,1.0,1.0,False,1.4341618939445349,,,,,,,
3,E005,60.0,0.05,1.01,0.0,0.0,1.01,0.0,0.0,1.0,1.0,False,1.4341618939445349,,,,,,,
3,E005,60.0,0.1,0.983006927178907,4.0,41.0,1.01,0.0,0.0,1.0,1.0,False,1.4341618939445349,,,,,,,
3,E005,60.0,0.15,0.9459061139788885,11.0,76.0,1.01,0.0,0.0,1.0,1.0,False,1.4341618939445349,,,,,,,
3,E005,60.0,0.2,0.957131121406156,8.0,69.0,0.9853465911353231,2.0,30.0,0.16666666666666666,0.19532604365492595,True,1.4341618939445349,,,,,,,
3,E005,60.0,0.3,0.7956407245514618,31.0,135.0,0.9547790762486867,9.0,72.0,0.2916666666666667,0.20799148437937964,True,1.4341618939445349,,,,,,,
3,E005,72.0,0.02,0.9766659097272969,1.0,52.0,1.01,0.0,0.0,1.0,1.0,False,0.960525424638541,,,,,,,
3,E005,72.0,0.05,0.8859415817377471,5.0,104.0,0.8859415817377471,5.0,104.0,0.05,0.09842622223621103,False,0.960525424638541,,,,,,,
3,E005,72.0,0.1,0.8859415817377471,5.0,104.0,0.733422019092658,14.0,142.0,0.09876543209876543,0.14983014307698858,False,0.960525424638541,,,,,,,
3,E005,72.0,0.15,0.733422019092658,14.0,142.0,0.6682969480324648,19.0,153.0,0.14705882352941177,0.17687456204374077,False,0.960525424638541,,,,,,,
3,E005,72.0,0.2,0.6070454968808342,25.0,170.0,0.5771454787291178,28.0,180.0,0.19540229885057472,0.20699948355916012,False,0.960525424638541,,,,,,,
3,E005,72.0,0.3,0.5031740732832124,33.0,188.0,0.5031740732832124,33.0,188.0,0.21505376344086022,0.2275955560742688,True,0.960525424638541,,,,,,,
3,E005,sequential,0.02,,,,,,,,,,,cbes_style,"(False, False, False, False, False, False)",0.0,0.0,0.126909761217275,0.126909761217275,conservative_no_stop
3,E005,sequential,0.05,,,,,,,,,,,cbes_style,"(False, False, False, False, False, False)",0.0,0.0,0.126909761217275,0.126909761217275,conservative_no_stop
3,E005,sequential,0.1,,,,,,,,,,,cbes_style,"(False, False, False, False, True, False)",0.08333333333333333,0.463768115942029,0.126909761217275,0.590677877159304,calibrated
3,E005,sequential,0.15,,,,,,,,,,,cbes_style,"(False, True, False, False, True, True)",0.14444444444444443,0.37209302325581395,0.126909761217275,0.499002784473089,calibrated
3,E005,sequential,0.2,,,,,,,,,,,cbes_style,"(False, True, True, True, True, True)",0.1595744680851064,0.43478260869565216,0.126909761217275,0.5616923699129271,calibrated
3,E005,sequential,0.3,,,,,,,,,,,cbes_style,"(True, True, True, True, True, True)",0.20212765957446807,0.3804347826086957,0.126909761217275,0.5073445438259707,calibrated
4,E006,12.0,0.02,1.01,0.0,0.0,1.01,0.0,0.0,1.0,1.0,False,0.7158228122945934,,,,,,,
4,E006,12.0,0.05,1.01,0.0,0.0,1.01,0.0,0.0,1.0,1.0,False,0.7158228122945934,,,,,,,
4,E006,12.0,0.1,0.8216021300517118,2.0,25.0,1.01,0.0,0.0,1.0,1.0,False,0.7158228122945934,,,,,,,
4,E006,12.0,0.15,0.7803288777199875,6.0,43.0,0.7826866454346688,5.0,42.0,0.125,0.23415651712012953,False,0.7158228122945934,,,,,,,
4,E006,12.0,0.2,0.6949088325043611,14.0,72.0,0.7307940129033821,10.0,59.0,0.19230769230769232,0.2705205729823771,False,0.7158228122945934,,,,,,,
4,E006,12.0,0.3,0.6918216415358204,15.0,73.0,0.5995102322442301,36.0,127.0,0.296875,0.35657775945223646,False,0.7158228122945934,,,,,,,
4,E006,24.0,0.02,1.01,0.0,0.0,1.01,0.0,0.0,1.0,1.0,False,0.8305895269541061,,,,,,,
4,E006,24.0,0.05,0.9364311106458453,1.0,22.0,1.01,0.0,0.0,1.0,1.0,False,0.8305895269541061,,,,,,,
4,E006,24.0,0.1,0.9028219039591451,3.0,33.0,1.01,0.0,0.0,1.0,1.0,False,0.8305895269541061,,,,,,,
4,E006,24.0,0.15,0.8830261521749672,6.0,42.0,1.01,0.0,0.0,1.0,1.0,False,0.8305895269541061,,,,,,,
4,E006,24.0,0.2,0.9364311106458453,1.0,22.0,0.9364311106458453,1.0,22.0,0.16666666666666666,0.19812213163688158,True,0.8305895269541061,,,,,,,
4,E006,24.0,0.3,0.8179471948754027,14.0,69.0,0.7244463256826978,28.0,102.0,0.2982456140350877,0.3564874271148975,False,0.8305895269541061,,,,,,,
4,E006,36.0,0.02,1.01,0.0,0.0,1.01,0.0,0.0,1.0,1.0,False,1.1911921184468148,,,,,,,
4,E006,36.0,0.05,1.01,0.0,0.0,1.01,0.0,0.0,1.0,1.0,False,1.1911921184468148,,,,,,,
4,E006,36.0,0.1,1.01,0.0,0.0,1.01,0.0,0.0,1.0,1.0,False,1.1911921184468148,,,,,,,
4,E006,36.0,0.15,1.01,0.0,0.0,1.01,0.0,0.0,1.0,1.0,False,1.1911921184468148,,,,,,,
4,E006,36.0,0.2,0.8160345749000377,9.0,46.0,1.01,0.0,0.0,1.0,1.0,False,1.1911921184468148,,,,,,,
4,E006,36.0,0.3,0.7192894468274219,26.0,87.0,1.01,0.0,0.0,1.0,1.0,False,1.1911921184468148,,,,,,,
4,E006,48.0,0.02,1.01,0.0,0.0,1.01,0.0,0.0,1.0,1.0,False,1.3198364124636321,,,,,,,
4,E006,48.0,0.05,1.01,0.0,0.0,1.01,0.0,0.0,1.0,1.0,False,1.3198364124636321,,,,,,,
4,E006,48.0,0.1,0.9587021989970039,5.0,51.0,1.01,0.0,0.0,1.0,1.0,False,1.3198364124636321,,,,,,,
4,E006,48.0,0.15,0.8999806450700358,14.0,97.0,1.01,0.0,0.0,1.0,1.0,False,1.3198364124636321,,,,,,,
4,E006,48.0,0.2,0.9587021989970039,5.0,51.0,1.01,0.0,0.0,1.0,1.0,False,1.3198364124636321,,,,,,,
4,E006,48.0,0.3,0.7463857354858827,34.0,145.0,0.9569763019715664,6.0,56.0,0.2857142857142857,0.2005546757065888,True,1.3198364124636321,,,,,,,
4,E006,60.0,0.02,1.01,0.0,0.0,1.01,0.0,0.0,1.0,1.0,False,1.3761539967270635,,,,,,,
4,E006,60.0,0.05,1.01,0.0,0.0,1.01,0.0,0.0,1.0,1.0,False,1.3761539967270635,,,,,,,
4,E006,60.0,0.1,0.930579286571258,8.0,81.0,1.01,0.0,0.0,1.0,1.0,False,1.3761539967270635,,,,,,,
4,E006,60.0,0.15,0.971715592036233,3.0,50.0,0.9788028967361181,2.0,37.0,0.125,0.16054216738744537,False,1.3761539967270635,,,,,,,
4,E006,60.0,0.2,0.9108175973962785,11.0,89.0,0.971715592036233,3.0,50.0,0.2,0.14783717636418123,True,1.3761539967270635,,,,,,,
4,E006,60.0,0.3,0.6376339946675136,38.0,161.0,0.9297289820438933,9.0,82.0,0.2916666666666667,0.18371095880486799,True,1.3761539967270635,,,,,,,
4,E006,72.0,0.02,0.9434700362452484,1.0,84.0,0.9434700362452484,1.0,84.0,0.017543859649122806,0.05523152168719419,False,0.8003233297377965,,,,,,,
4,E006,72.0,0.05,0.8582835797102202,5.0,118.0,0.8634874364073029,4.0,114.0,0.047619047619047616,0.07849244973200549,False,0.8003233297377965,,,,,,,
4,E006,72.0,0.1,0.857547301075375,6.0,119.0,0.7723326307048702,9.0,132.0,0.09433962264150944,0.11596102470451994,False,0.8003233297377965,,,,,,,
4,E006,72.0,0.15,0.6686970582699931,15.0,153.0,0.6686970582699931,15.0,153.0,0.14705882352941177,0.1469451684010267,True,0.8003233297377965,,,,,,,
4,E006,72.0,0.2,0.5206838057921768,27.0,183.0,0.5368993743393363,26.0,179.0,0.2,0.1957771128743566,True,0.8003233297377965,,,,,,,
4,E006,72.0,0.3,0.5087862635417031,28.0,184.0,0.5087862635417031,28.0,184.0,0.20430107526881722,0.20263560000163336,True,0.8003233297377965,,,,,,,
4,E006,sequential,0.02,,,,,,,,,,,cbes_style,"(False, False, False, False, False, False)",0.0,0.0,0.12829679433684163,0.12829679433684163,conservative_no_stop
4,E006,sequential,0.05,,,,,,,,,,,cbes_style,"(False, False, False, False, False, False)",0.0,0.0,0.12829679433684163,0.12829679433684163,conservative_no_stop
4,E006,sequential,0.1,,,,,,,,,,,cbes_style,"(False, False, False, False, False, False)",0.0,0.0,0.12829679433684163,0.12829679433684163,conservative_no_stop
4,E006,sequential,0.15,,,,,,,,,,,cbes_style,"(False, False, False, False, False, False)",0.0,0.0,0.12829679433684163,0.12829679433684163,conservative_no_stop
4,E006,sequential,0.2,,,,,,,,,,,cbes_style,"(False, False, False, False, False, True)",0.15714285714285714,0.060240963855421686,0.12829679433684163,0.18853775819226332,calibrated
4,E006,sequential,0.3,,,,,,,,,,,cbes_style,"(True, False, False, False, False, True)",0.25609756097560976,0.22727272727272727,0.12829679433684163,0.3555695216095689,calibrated
5,E007,12.0,0.02,1.01,0.0,0.0,1.01,0.0,0.0,1.0,1.0,False,0.7275580548597461,,,,,,,
5,E007,12.0,0.05,1.01,0.0,0.0,1.01,0.0,0.0,1.0,1.0,False,0.7275580548597461,,,,,,,
5,E007,12.0,0.1,1.01,0.0,0.0,1.01,0.0,0.0,1.0,1.0,False,0.7275580548597461,,,,,,,
5,E007,12.0,0.15,1.01,0.0,0.0,1.01,0.0,0.0,1.0,1.0,False,0.7275580548597461,,,,,,,
5,E007,12.0,0.2,0.8074059549345316,8.0,40.0,1.01,0.0,0.0,1.0,1.0,False,0.7275580548597461,,,,,,,
5,E007,12.0,0.3,0.6811122837025182,25.0,84.0,1.01,0.0,0.0,1.0,1.0,False,0.7275580548597461,,,,,,,
5,E007,24.0,0.02,0.8059457270732492,1.0,72.0,0.8126264480363901,0.0,67.0,0.0,0.043727554781889444,False,0.7379707656937897,,,,,,,
5,E007,24.0,0.05,0.8126264480363901,0.0,67.0,0.8059457270732492,1.0,72.0,0.034482758620689655,0.0641985427052436,False,0.7379707656937897,,,,,,,
5,E007,24.0,0.1,0.7179938528243638,5.0,103.0,0.7223446082708004,4.0,102.0,0.09523809523809523,0.0874919003081029,True,0.7379707656937897,,,,,,,
5,E007,24.0,0.15,0.6610938776043419,12.0,128.0,0.6858682106482976,7.0,115.0,0.14583333333333334,0.11128761913332412,True,0.7379707656937897,,,,,,,
5,E007,24.0,0.2,0.5589638064277025,23.0,160.0,0.614411431403792,16.0,137.0,0.2,0.17196630552233047,True,0.7379707656937897,,,,,,,
5,E007,24.0,0.3,0.5041928702795044,35.0,181.0,0.5223523013443104,32.0,175.0,0.2988505747126437,0.23771535294602467,True,0.7379707656937897,,,,,,,
5,E007,36.0,0.02,1.01,0.0,0.0,1.01,0.0,0.0,1.0,1.0,False,0.7732176434313445,,,,,,,
5,E007,36.0,0.05,0.6682748002026867,7.0,142.0,1.01,0.0,0.0,1.0,1.0,False,0.7732176434313445,,,,,,,
5,E007,36.0,0.1,0.6246986822617473,9.0,157.0,0.6740605202993374,6.0,140.0,0.09375,0.0828311585391552,True,0.7732176434313445,,,,,,,
5,E007,36.0,0.15,0.5328841757373115,18.0,177.0,0.5900968703783076,13.0,167.0,0.14457831325301204,0.12091425430937676,True,0.7732176434313445,,,,,,,
5,E007,36.0,0.2,0.517854611903292,21.0,181.0,0.517854611903292,21.0,181.0,0.18681318681318682,0.16276318279564442,True,0.7732176434313445,,,,,,,
5,E007,36.0,0.3,0.517854611903292,21.0,181.0,0.517854611903292,21.0,181.0,0.18681318681318682,0.16276318279564442,True,0.7732176434313445,,,,,,,
5,E007,48.0,0.02,0.7387099710560083,3.0,174.0,1.01,0.0,0.0,1.0,1.0,False,0.7326003802726413,,,,,,,
5,E007,48.0,0.05,0.7387099710560083,3.0,174.0,0.7185176086177198,4.0,175.0,0.047058823529411764,0.051539352900289756,False,0.7326003802726413,,,,,,,
5,E007,48.0,0.1,0.5239525256057351,7.0,181.0,0.5239525256057351,7.0,181.0,0.07692307692307693,0.07141102235232813,True,0.7326003802726413,,,,,,,
5,E007,48.0,0.15,0.5239525256057351,7.0,181.0,0.5239525256057351,7.0,181.0,0.07692307692307693,0.07141102235232813,True,0.7326003802726413,,,,,,,
5,E007,48.0,0.2,0.5239525256057351,7.0,181.0,0.5239525256057351,7.0,181.0,0.07692307692307693,0.07141102235232813,True,0.7326003802726413,,,,,,,
5,E007,48.0,0.3,0.5239525256057351,7.0,181.0,0.5239525256057351,7.0,181.0,0.07692307692307693,0.07141102235232813,True,0.7326003802726413,,,,,,,
5,E007,60.0,0.02,0.7365819776764255,3.0,170.0,0.9775863286609255,0.0,84.0,0.0,0.035035030604942057,False,0.7035792980914999,,,,,,,
5,E007,60.0,0.05,0.7365819776764255,3.0,170.0,0.6325218789115095,4.0,173.0,0.047619047619047616,0.052126263599507776,False,0.7035792980914999,,,,,,,
5,E007,60.0,0.1,0.5163025798973673,7.0,181.0,0.5163025798973673,7.0,181.0,0.07692307692307693,0.07141102235232813,True,0.7035792980914999,,,,,,,
5,E007,60.0,0.15,0.5163025798973673,7.0,181.0,0.5163025798973673,7.0,181.0,0.07692307692307693,0.07141102235232813,True,0.7035792980914999,,,,,,,
5,E007,60.0,0.2,0.5163025798973673,7.0,181.0,0.5163025798973673,7.0,181.0,0.07692307692307693,0.07141102235232813,True,0.7035792980914999,,,,,,,
5,E007,60.0,0.3,0.5163025798973673,7.0,181.0,0.5163025798973673,7.0,181.0,0.07692307692307693,0.07141102235232813,True,0.7035792980914999,,,,,,,
5,E007,72.0,0.02,0.8511601868976755,3.0,162.0,0.935212828415904,2.0,138.0,0.017857142857142856,0.044916777969811784,False,0.7467587299256699,,,,,,,
5,E007,72.0,0.05,0.8511601868976755,3.0,162.0,0.689804149035262,5.0,171.0,0.04938271604938271,0.060492914016306555,False,0.7467587299256699,,,,,,,
5,E007,72.0,0.1,0.517492272297523,10.0,181.0,0.517492272297523,10.0,181.0,0.0989010989010989,0.09191184320070481,True,0.7467587299256699,,,,,,,
5,E007,72.0,0.15,0.517492272297523,10.0,181.0,0.517492272297523,10.0,181.0,0.0989010989010989,0.09191184320070481,True,0.7467587299256699,,,,,,,
5,E007,72.0,0.2,0.517492272297523,10.0,181.0,0.517492272297523,10.0,181.0,0.0989010989010989,0.09191184320070481,True,0.7467587299256699,,,,,,,
5,E007,72.0,0.3,0.517492272297523,10.0,181.0,0.517492272297523,10.0,181.0,0.0989010989010989,0.09191184320070481,True,0.7467587299256699,,,,,,,
5,E007,sequential,0.02,,,,,,,,,,,cbes_style,"(False, False, False, False, False, False)",0.0,0.0,0.129007585340165,0.129007585340165,conservative_no_stop
5,E007,sequential,0.05,,,,,,,,,,,cbes_style,"(False, False, False, False, False, True)",0.05,0.0,0.129007585340165,0.129007585340165,calibrated
5,E007,sequential,0.1,,,,,,,,,,,cbes_style,"(True, False, False, True, True, True)",0.07777777777777778,0.28888888888888886,0.129007585340165,0.41789647422905385,calibrated
5,E007,sequential,0.15,,,,,,,,,,,cbes_style,"(True, False, True, True, True, True)",0.1,0.28888888888888886,0.129007585340165,0.41789647422905385,calibrated
5,E007,sequential,0.2,,,,,,,,,,,cbes_style,"(True, False, True, True, True, True)",0.1,0.28888888888888886,0.129007585340165,0.41789647422905385,calibrated
5,E007,sequential,0.3,,,,,,,,,,,cbes_style,"(True, True, True, True, True, True)",0.1978021978021978,0.3,0.129007585340165,0.429007585340165,calibrated
6,E008,12.0,0.02,1.01,0.0,0.0,1.01,0.0,0.0,1.0,1.0,False,0.774906775323464,,,,,,,
6,E008,12.0,0.05,1.01,0.0,0.0,1.01,0.0,0.0,1.0,1.0,False,0.774906775323464,,,,,,,
6,E008,12.0,0.1,1.01,0.0,0.0,1.01,0.0,0.0,1.0,1.0,False,0.774906775323464,,,,,,,
6,E008,12.0,0.15,1.01,0.0,0.0,1.01,0.0,0.0,1.0,1.0,False,0.774906775323464,,,,,,,
6,E008,12.0,0.2,0.786310992419887,10.0,51.0,1.01,0.0,0.0,1.0,1.0,False,0.774906775323464,,,,,,,
6,E008,12.0,0.3,0.6814956820936107,26.0,88.0,1.01,0.0,0.0,1.0,1.0,False,0.774906775323464,,,,,,,
6,E008,24.0,0.02,0.9359710630548197,0.0,10.0,1.01,0.0,0.0,1.0,1.0,False,0.7674242791988775,,,,,,,
6,E008,24.0,0.05,0.8981685979827857,1.0,23.0,1.01,0.0,0.0,1.0,1.0,False,0.7674242791988775,,,,,,,
6,E008,24.0,0.1,0.64945258922394,13.0,136.0,0.8664252346577708,3.0,41.0,0.0967741935483871,0.17839535553925906,False,0.7674242791988775,,,,,,,
6,E008,24.0,0.15,0.64945258922394,13.0,136.0,0.6513441160463371,12.0,134.0,0.14492753623188406,0.14105497740836156,True,0.7674242791988775,,,,,,,
6,E008,24.0,0.2,0.5932907735089079,23.0,159.0,0.6094160992282389,18.0,150.0,0.19736842105263158,0.1727412730323894,True,0.7674242791988775,,,,,,,
6,E008,24.0,0.3,0.5083610102478561,33.0,182.0,0.5083610102478561,33.0,182.0,0.25,0.23484984775967402,True,0.7674242791988775,,,,,,,
6,E008,36.0,0.02,1.01,0.0,0.0,1.01,0.0,0.0,1.0,1.0,False,0.7651356109857197,,,,,,,
6,E008,36.0,0.05,1.01,0.0,0.0,1.01,0.0,0.0,1.0,1.0,False,0.7651356109857197,,,,,,,
6,E008,36.0,0.1,0.8387670024143702,2.0,20.0,1.01,0.0,0.0,1.0,1.0,False,0.7651356109857197,,,,,,,
6,E008,36.0,0.15,0.7282139223508526,12.0,82.0,1.01,0.0,0.0,1.0,1.0,False,0.7651356109857197,,,,,,,
6,E008,36.0,0.2,0.7399166529734604,8.0,74.0,1.01,0.0,0.0,1.0,1.0,False,0.7651356109857197,,,,,,,
6,E008,36.0,0.3,0.5029223778023286,36.0,182.0,1.01,0.0,0.0,1.0,1.0,False,0.7651356109857197,,,,,,,
6,E008,48.0,0.02,0.9800428198865255,0.0,27.0,0.9800428198865255,0.0,27.0,0.0,0.10501923017634426,False,0.725592983092239,,,,,,,
6,E008,48.0,0.05,0.9745090383146842,2.0,42.0,0.9746809586361685,1.0,41.0,0.043478260869565216,0.11055312897984333,False,0.725592983092239,,,,,,,
6,E008,48.0,0.1,0.8386001214233536,15.0,156.0,0.9647837043102986,3.0,59.0,0.1,0.12620655673085027,False,0.725592983092239,,,,,,,
6,E008,48.0,0.15,0.8386001214233536,15.0,156.0,0.9094064473294009,8.0,131.0,0.13793103448275862,0.10748869833283003,True,0.725592983092239,,,,,,,
6,E008,48.0,0.2,0.5142645915087626,25.0,182.0,0.8686276646253823,14.0,152.0,0.2,0.14023847641381637,True,0.725592983092239,,,,,,,
6,E008,48.0,0.3,0.5142645915087626,25.0,182.0,0.5142645915087626,25.0,182.0,0.2608695652173913,0.18654022503086126,True,0.725592983092239,,,,,,,
6,E008,60.0,0.02,0.75048306243965,3.0,164.0,0.8146007552032564,1.0,156.0,0.014492753623188406,0.03004691478561451,False,0.743866782544723,,,,,,,
6,E008,60.0,0.05,0.75048306243965,3.0,164.0,0.75048306243965,3.0,164.0,0.04,0.046597096033180026,True,0.743866782544723,,,,,,,
6,E008,60.0,0.1,0.5512199456413638,10.0,175.0,0.6373801166747302,8.0,170.0,0.09876543209876543,0.08330588666965738,True,0.743866782544723,,,,,,,
6,E008,60.0,0.15,0.5059690700168569,15.0,182.0,0.5062637719983749,14.0,181.0,0.14285714285714285,0.1182761201936734,True,0.743866782544723,,,,,,,
6,E008,60.0,0.2,0.5059690700168569,15.0,182.0,0.5059690700168569,15.0,182.0,0.15217391304347827,0.12407154304891164,True,0.743866782544723,,,,,,,
6,E008,60.0,0.3,0.5059690700168569,15.0,182.0,0.5059690700168569,15.0,182.0,0.15217391304347827,0.12407154304891164,True,0.743866782544723,,,,,,,
6,E008,72.0,0.02,0.8045475124110354,3.0,156.0,0.8425381013442462,1.0,153.0,0.015384615384615385,0.030628872508599407,False,0.7443572795005547,,,,,,,
6,E008,72.0,0.05,0.8045475124110354,3.0,156.0,0.7363775535719004,4.0,163.0,0.0410958904109589,0.05527339081733165,False,0.7443572795005547,,,,,,,
6,E008,72.0,0.1,0.5001333630998046,10.0,182.0,0.5001333630998046,10.0,182.0,0.09782608695652174,0.09141668030900099,True,0.7443572795005547,,,,,,,
6,E008,72.0,0.15,0.5001333630998046,10.0,182.0,0.5001333630998046,10.0,182.0,0.09782608695652174,0.09141668030900099,True,0.7443572795005547,,,,,,,
6,E008,72.0,0.2,0.5001333630998046,10.0,182.0,0.5001333630998046,10.0,182.0,0.09782608695652174,0.09141668030900099,True,0.7443572795005547,,,,,,,
6,E008,72.0,0.3,0.5001333630998046,10.0,182.0,0.5001333630998046,10.0,182.0,0.09782608695652174,0.09141668030900099,True,0.7443572795005547,,,,,,,
6,E008,sequential,0.02,,,,,,,,,,,cbes_style,"(False, False, True, True, True, True)",0.0,0.2717391304347826,0.12759762403986807,0.39933675447465067,calibrated
6,E008,sequential,0.05,,,,,,,,,,,cbes_style,"(False, False, True, True, True, True)",0.0,0.2717391304347826,0.12759762403986807,0.39933675447465067,calibrated
6,E008,sequential,0.1,,,,,,,,,,,cbes_style,"(False, True, True, True, True, True)",0.0449438202247191,0.25,0.12759762403986807,0.3775976240398681,calibrated
6,E008,sequential,0.15,,,,,,,,,,,cbes_style,"(False, True, True, True, True, True)",0.0449438202247191,0.25,0.12759762403986807,0.3775976240398681,calibrated
6,E008,sequential,0.2,,,,,,,,,,,cbes_style,"(False, True, True, True, True, True)",0.0449438202247191,0.25,0.12759762403986807,0.3775976240398681,calibrated
6,E008,sequential,0.3,,,,,,,,,,,cbes_style,"(False, True, True, True, True, True)",0.0449438202247191,0.25,0.12759762403986807,0.3775976240398681,calibrated
7,E009,12.0,0.02,0.9325435779182705,0.0,12.0,0.9325435779182705,0.0,12.0,0.0,0.22092219194555585,False,0.8353008793812838,,,,,,,
7,E009,12.0,0.05,0.8509705648215677,2.0,49.0,0.9325435779182705,0.0,12.0,0.0,0.22092219194555585,False,0.8353008793812838,,,,,,,
7,E009,12.0,0.1,0.6839696061551815,10.0,105.0,0.7476393518630061,6.0,85.0,0.09523809523809523,0.13456770158430154,False,0.8353008793812838,,,,,,,
7,E009,12.0,0.15,0.6903416383822769,9.0,102.0,0.6558741565391486,14.0,117.0,0.14285714285714285,0.18072263550265158,False,0.8353008793812838,,,,,,,
7,E009,12.0,0.2,0.6403280862352115,17.0,124.0,0.6401521843850885,18.0,125.0,0.1935483870967742,0.20602473409141958,False,0.8353008793812838,,,,,,,
7,E009,12.0,0.3,0.5009204456528037,36.0,182.0,0.5009204456528037,36.0,182.0,0.25555555555555554,0.252691359703574,True,0.8353008793812838,,,,,,,
7,E009,24.0,0.02,0.9367312907932599,0.0,16.0,0.9367312907932599,0.0,16.0,0.0,0.1707497229824809,False,0.8069061914225442,,,,,,,
7,E009,24.0,0.05,0.918994348997071,1.0,23.0,0.9367312907932599,0.0,16.0,0.0,0.1707497229824809,False,0.8069061914225442,,,,,,,
7,E009,24.0,0.1,0.7250706503606751,12.0,124.0,0.7988547222184149,7.0,94.0,0.09090909090909091,0.13532171043777141,False,0.8069061914225442,,,,,,,
7,E009,24.0,0.15,0.7389143377987438,11.0,120.0,0.7149558314258351,13.0,127.0,0.14925373134328357,0.15781210308938579,False,0.8069061914225442,,,,,,,
7,E009,24.0,0.2,0.611191107914319,21.0,149.0,0.6015283600880589,24.0,155.0,0.2,0.21079089142638607,False,0.8069061914225442,,,,,,,
7,E009,24.0,0.3,0.5007080725479862,35.0,182.0,0.5007080725479862,35.0,182.0,0.22826086956521738,0.24675891492553198,True,0.8069061914225442,,,,,,,
7,E009,36.0,0.02,1.01,0.0,0.0,1.01,0.0,0.0,1.0,1.0,False,0.8580950724010332,,,,,,,
7,E009,36.0,0.05,1.01,0.0,0.0,1.01,0.0,0.0,1.0,1.0,False,0.8580950724010332,,,,,,,
7,E009,36.0,0.1,1.01,0.0,0.0,1.01,0.0,0.0,1.0,1.0,False,0.8580950724010332,,,,,,,
7,E009,36.0,0.15,1.01,0.0,0.0,1.01,0.0,0.0,1.0,1.0,False,0.8580950724010332,,,,,,,
7,E009,36.0,0.2,1.01,0.0,0.0,1.01,0.0,0.0,1.0,1.0,False,0.8580950724010332,,,,,,,
7,E009,36.0,0.3,1.01,0.0,0.0,1.01,0.0,0.0,1.0,1.0,False,0.8580950724010332,,,,,,,
7,E009,48.0,0.02,0.9704226059400543,1.0,64.0,0.9839571106605444,0.0,37.0,0.0,0.07777471100513791,False,0.8190976785142349,,,,,,,
7,E009,48.0,0.05,0.9633772862765007,3.0,74.0,0.9704226059400543,1.0,64.0,0.03225806451612903,0.07198975489470939,False,0.8190976785142349,,,,,,,
7,E009,48.0,0.1,0.9650090682777406,2.0,72.0,0.9595250853701188,5.0,80.0,0.0975609756097561,0.12692563640459445,False,0.8190976785142349,,,,,,,
7,E009,48.0,0.15,0.9187195106602413,10.0,110.0,0.9187195106602413,10.0,110.0,0.13793103448275862,0.14932241552635156,True,0.8190976785142349,,,,,,,
7,E009,48.0,0.2,0.8308473684219073,19.0,137.0,0.8614023630902965,17.0,133.0,0.19718309859154928,0.18554087274108408,True,0.8190976785142349,,,,,,,
7,E009,48.0,0.3,0.5023532811139315,35.0,182.0,0.5023532811139315,35.0,182.0,0.25,0.24675891492553198,True,0.8190976785142349,,,,,,,
7,E009,60.0,0.02,0.8479056414462085,2.0,130.0,0.8479056414462085,2.0,130.0,0.016129032258064516,0.047635194153728945,False,0.8823077009442265,,,,,,,
7,E009,60.0,0.05,0.8479056414462085,2.0,130.0,0.7238932055338351,5.0,151.0,0.04,0.068357912123746,False,0.8823077009442265,,,,,,,
7,E009,60.0,0.1,0.6553211649014745,9.0,159.0,0.5915916099984065,14.0,168.0,0.09523809523809523,0.127207098639754,False,0.8823077009442265,,,,,,,
7,E009,60.0,0.15,0.5126839596377624,19.0,182.0,0.5126839596377624,19.0,182.0,0.11956521739130435,0.14941371735823175,True,0.8823077009442265,,,,,,,
7,E009,60.0,0.2,0.5126839596377624,19.0,182.0,0.5126839596377624,19.0,182.0,0.11956521739130435,0.14941371735823175,True,0.8823077009442265,,,,,,,
7,E009,60.0,0.3,0.5126839596377624,19.0,182.0,0.5126839596377624,19.0,182.0,0.11956521739130435,0.14941371735823175,True,0.8823077009442265,,,,,,,
7,E009,72.0,0.02,0.8216302697528775,2.0,131.0,0.8216302697528775,2.0,131.0,0.015384615384615385,0.047277535319642336,False,0.7695619774103286,,,,,,,
7,E009,72.0,0.05,0.8216302697528775,2.0,131.0,0.7507070810295352,6.0,149.0,0.04054054054054054,0.0779272760622115,False,0.7695619774103286,,,,,,,
7,E009,72.0,0.1,0.62375243714953,10.0,167.0,0.5122994823505798,16.0,182.0,0.08888888888888889,0.13046115431468186,False,0.7695619774103286,,,,,,,
7,E009,72.0,0.15,0.5122994823505798,16.0,182.0,0.5122994823505798,16.0,182.0,0.08888888888888889,0.13046115431468186,True,0.7695619774103286,,,,,,,
7,E009,72.0,0.2,0.5122994823505798,16.0,182.0,0.5122994823505798,16.0,182.0,0.08888888888888889,0.13046115431468186,True,0.7695619774103286,,,,,,,
7,E009,72.0,0.3,0.5122994823505798,16.0,182.0,0.5122994823505798,16.0,182.0,0.08888888888888889,0.13046115431468186,True,0.7695619774103286,,,,,,,
7,E009,sequential,0.02,,,,,,,,,,,cbes_style,"(False, False, False, False, False, False)",0.0,0.0,0.129007585340165,0.129007585340165,conservative_no_stop
7,E009,sequential,0.05,,,,,,,,,,,cbes_style,"(False, False, False, False, False, True)",0.03896103896103896,0.041666666666666664,0.129007585340165,0.17067425200683164,calibrated
7,E009,sequential,0.1,,,,,,,,,,,cbes_style,"(True, False, False, False, True, True)",0.09195402298850575,0.17647058823529413,0.129007585340165,0.30547817357545914,calibrated
7,E009,sequential,0.15,,,,,,,,,,,cbes_style,"(True, False, False, False, True, True)",0.09195402298850575,0.17647058823529413,0.129007585340165,0.30547817357545914,calibrated
7,E009,sequential,0.2,,,,,,,,,,,cbes_style,"(True, False, False, False, True, True)",0.09195402298850575,0.17647058823529413,0.129007585340165,0.30547817357545914,calibrated
7,E009,sequential,0.3,,,,,,,,,,,cbes_style,"(True, True, True, True, True, True)",0.20652173913043478,0.21839080459770116,0.129007585340165,0.34739838993786615,calibrated
8,E010,12.0,0.02,0.9220480620916301,0.0,13.0,1.01,0.0,0.0,1.0,1.0,False,0.8244694292797804,,,,,,,
8,E010,12.0,0.05,0.9220480620916301,0.0,13.0,1.01,0.0,0.0,1.0,1.0,False,0.8244694292797804,,,,,,,
8,E010,12.0,0.1,0.9014744725917887,2.0,20.0,1.01,0.0,0.0,1.0,1.0,False,0.8244694292797804,,,,,,,
8,E010,12.0,0.15,0.8857298590542229,4.0,27.0,1.01,0.0,0.0,1.0,1.0,False,0.8244694292797804,,,,,,,
8,E010,12.0,0.2,0.8501381128158099,8.0,42.0,1.01,0.0,0.0,1.0,1.0,False,0.8244694292797804,,,,,,,
8,E010,12.0,0.3,0.8888238869489904,3.0,26.0,1.01,0.0,0.0,1.0,1.0,False,0.8244694292797804,,,,,,,
8,E010,24.0,0.02,1.01,0.0,0.0,1.01,0.0,0.0,1.0,1.0,False,0.9972217721659118,,,,,,,
8,E010,24.0,0.05,1.01,0.0,0.0,1.01,0.0,0.0,1.0,1.0,False,0.9972217721659118,,,,,,,
8,E010,24.0,0.1,1.01,0.0,0.0,1.01,0.0,0.0,1.0,1.0,False,0.9972217721659118,,,,,,,
8,E010,24.0,0.15,1.01,0.0,0.0,1.01,0.0,0.0,1.0,1.0,False,0.9972217721659118,,,,,,,
8,E010,24.0,0.2,1.01,0.0,0.0,1.01,0.0,0.0,1.0,1.0,False,0.9972217721659118,,,,,,,
8,E010,24.0,0.3,0.6648407937318375,30.0,130.0,1.01,0.0,0.0,1.0,1.0,False,0.9972217721659118,,,,,,,
8,E010,36.0,0.02,1.01,0.0,0.0,1.01,0.0,0.0,1.0,1.0,False,0.8829381280870459,,,,,,,
8,E010,36.0,0.05,1.01,0.0,0.0,1.01,0.0,0.0,1.0,1.0,False,0.8829381280870459,,,,,,,
8,E010,36.0,0.1,1.01,0.0,0.0,1.01,0.0,0.0,1.0,1.0,False,0.8829381280870459,,,,,,,
8,E010,36.0,0.15,1.01,0.0,0.0,1.01,0.0,0.0,1.0,1.0,False,0.8829381280870459,,,,,,,
8,E010,36.0,0.2,1.01,0.0,0.0,1.01,0.0,0.0,1.0,1.0,False,0.8829381280870459,,,,,,,
8,E010,36.0,0.3,1.01,0.0,0.0,1.01,0.0,0.0,1.0,1.0,False,0.8829381280870459,,,,,,,
8,E010,48.0,0.02,0.987500623377948,0.0,36.0,0.987500623377948,0.0,36.0,0.0,0.07984650951989439,False,0.8242097630858535,,,,,,,
8,E010,48.0,0.05,0.9793152686667951,2.0,50.0,0.987500623377948,0.0,36.0,0.0,0.07984650951989439,False,0.8242097630858535,,,,,,,
8,E010,48.0,0.1,0.987500623377948,0.0,36.0,0.987500623377948,0.0,36.0,0.0,0.07984650951989439,True,0.8242097630858535,,,,,,,
8,E010,48.0,0.15,0.9787915365121531,3.0,53.0,0.9787915365121531,3.0,53.0,0.14285714285714285,0.13984873235230535,True,0.8242097630858535,,,,,,,
8,E010,48.0,0.2,0.6174869272617076,23.0,162.0,0.523236028515452,25.0,167.0,0.18181818181818182,0.20276638290220525,False,0.8242097630858535,,,,,,,
8,E010,48.0,0.3,0.523236028515452,25.0,167.0,0.523236028515452,25.0,167.0,0.18181818181818182,0.20276638290220525,True,0.8242097630858535,,,,,,,
8,E010,60.0,0.02,0.9833494463276787,0.0,41.0,0.9833494463276787,0.0,41.0,0.0,0.07046111727016405,False,0.9006354957880043,,,,,,,
8,E010,60.0,0.05,0.9691092995115737,3.0,66.0,0.9833494463276787,0.0,41.0,0.0,0.07046111727016405,False,0.9006354957880043,,,,,,,
8,E010,60.0,0.1,0.9805407871331255,1.0,47.0,0.9805407871331255,1.0,47.0,0.07692307692307693,0.09700098591383144,True,0.9006354957880043,,,,,,,
8,E010,60.0,0.15,0.6467622365375763,15.0,152.0,0.8932645815919712,9.0,112.0,0.14583333333333334,0.13603396426262165,True,0.9006354957880043,,,,,,,
8,E010,60.0,0.2,0.5140130303557076,23.0,167.0,0.5140130303557076,23.0,167.0,0.18181818181818182,0.18944205726354788,True,0.9006354957880043,,,,,,,
8,E010,60.0,0.3,0.5140130303557076,23.0,167.0,0.5140130303557076,23.0,167.0,0.18181818181818182,0.18944205726354788,True,0.9006354957880043,,,,,,,
8,E010,72.0,0.02,0.9881794027414902,0.0,22.0,0.9881794027414902,0.0,22.0,0.0,0.1273054316548387,False,0.818620066589687,,,,,,,
8,E010,72.0,0.05,0.963545788621217,3.0,69.0,0.9881794027414902,0.0,22.0,0.0,0.1273054316548387,False,0.818620066589687,,,,,,,
8,E010,72.0,0.1,0.9692269137395668,2.0,61.0,0.9692269137395668,2.0,61.0,0.09523809523809523,0.0996348801942324,True,0.818620066589687,,,,,,,
8,E010,72.0,0.15,0.8501377797641454,12.0,130.0,0.9142841182562201,8.0,106.0,0.14893617021276595,0.132055150182238,True,0.818620066589687,,,,,,,
8,E010,72.0,0.2,0.5128132103554528,24.0,166.0,0.6894328130378113,20.0,152.0,0.2,0.18543053058612632,True,0.818620066589687,,,,,,,
8,E010,72.0,0.3,0.5079283872789544,25.0,167.0,0.5079283872789544,25.0,167.0,0.23376623376623376,0.20276638290220525,True,0.818620066589687,,,,,,,
8,E010,sequential,0.02,,,,,,,,,,,cbes_style,"(False, False, False, False, False, False)",0.0,0.0,0.13947331992581882,0.13947331992581882,conservative_no_stop
8,E010,sequential,0.05,,,,,,,,,,,cbes_style,"(False, False, False, False, True, False)",0.047619047619047616,0.16901408450704225,0.13947331992581882,0.30848740443286105,calibrated
8,E010,sequential,0.1,,,,,,,,,,,cbes_style,"(False, False, False, False, True, True)",0.08045977011494253,0.18055555555555555,0.13947331992581882,0.3200288754813744,calibrated
8,E010,sequential,0.15,,,,,,,,,,,cbes_style,"(False, True, False, True, True, True)",0.12359550561797752,0.38961038961038963,0.13947331992581882,0.5290837095362084,calibrated
8,E010,sequential,0.2,,,,,,,,,,,cbes_style,"(False, True, False, True, True, True)",0.12359550561797752,0.38961038961038963,0.13947331992581882,0.5290837095362084,calibrated
8,E010,sequential,0.3,,,,,,,,,,,cbes_style,"(True, True, False, True, True, True)",0.2,0.4675324675324675,0.13947331992581882,0.6070057874582864,calibrated
9,E011,12.0,0.02,0.941292021946108,0.0,13.0,1.01,0.0,0.0,1.0,1.0,False,0.9341042369126347,,,,,,,
9,E011,12.0,0.05,0.9264229616734948,1.0,20.0,1.01,0.0,0.0,1.0,1.0,False,0.9341042369126347,,,,,,,
9,E011,12.0,0.1,0.9115079846107677,2.0,24.0,1.01,0.0,0.0,1.0,1.0,False,0.9341042369126347,,,,,,,
9,E011,12.0,0.15,0.8929282273285404,4.0,30.0,1.01,0.0,0.0,1.0,1.0,False,0.9341042369126347,,,,,,,
9,E011,12.0,0.2,0.870196450435931,8.0,40.0,0.9264229616734948,1.0,20.0,0.16666666666666666,0.2161061642068473,False,0.9341042369126347,,,,,,,
9,E011,12.0,0.3,0.8929282273285404,4.0,30.0,0.9115079846107677,2.0,24.0,0.2857142857142857,0.23980101612880178,True,0.9341042369126347,,,,,,,
9,E011,24.0,0.02,1.01,0.0,0.0,1.01,0.0,0.0,1.0,1.0,False,1.0628544346442819,,,,,,,
9,E011,24.0,0.05,1.01,0.0,0.0,1.01,0.0,0.0,1.0,1.0,False,1.0628544346442819,,,,,,,
9,E011,24.0,0.1,1.01,0.0,0.0,1.01,0.0,0.0,1.0,1.0,False,1.0628544346442819,,,,,,,
9,E011,24.0,0.15,0.9838795523748225,2.0,15.0,1.01,0.0,0.0,1.0,1.0,False,1.0628544346442819,,,,,,,
9,E011,24.0,0.2,0.9694824356039046,4.0,22.0,1.01,0.0,0.0,1.0,1.0,False,1.0628544346442819,,,,,,,
9,E011,24.0,0.3,0.5000166618285394,47.0,157.0,1.01,0.0,0.0,1.0,1.0,False,1.0628544346442819,,,,,,,
9,E011,36.0,0.02,1.01,0.0,0.0,1.01,0.0,0.0,1.0,1.0,False,0.9171196365979262,,,,,,,
9,E011,36.0,0.05,1.01,0.0,0.0,1.01,0.0,0.0,1.0,1.0,False,0.9171196365979262,,,,,,,
9,E011,36.0,0.1,1.01,0.0,0.0,1.01,0.0,0.0,1.0,1.0,False,0.9171196365979262,,,,,,,
9,E011,36.0,0.15,1.01,0.0,0.0,1.01,0.0,0.0,1.0,1.0,False,0.9171196365979262,,,,,,,
9,E011,36.0,0.2,0.5071365810771342,31.0,156.0,1.01,0.0,0.0,1.0,1.0,False,0.9171196365979262,,,,,,,
9,E011,36.0,0.3,0.5015276589288312,32.0,157.0,0.5015276589288312,32.0,157.0,0.2987012987012987,0.26392860808294394,True,0.9171196365979262,,,,,,,
9,E011,48.0,0.02,0.9612104220091561,0.0,29.0,0.9612104220091561,0.0,29.0,0.0,0.0981446276772957,False,0.7705273849503714,,,,,,,
9,E011,48.0,0.05,0.9595811627558637,1.0,30.0,0.9612104220091561,0.0,29.0,0.0,0.0981446276772957,False,0.7705273849503714,,,,,,,
9,E011,48.0,0.1,0.9612104220091561,0.0,29.0,0.9595811627558637,1.0,30.0,0.07142857142857142,0.14859606865911312,False,0.7705273849503714,,,,,,,
9,E011,48.0,0.15,0.5865116396756996,15.0,151.0,0.8227936897961666,9.0,108.0,0.14814814814814814,0.14091146741098418,True,0.7705273849503714,,,,,,,
9,E011,48.0,0.2,0.5171479101757215,19.0,157.0,0.5171479101757215,19.0,157.0,0.18181818181818182,0.17250233897893383,True,0.7705273849503714,,,,,,,
9,E011,48.0,0.3,0.5171479101757215,19.0,157.0,0.5171479101757215,19.0,157.0,0.18181818181818182,0.17250233897893383,True,0.7705273849503714,,,,,,,
9,E011,60.0,0.02,0.9851353596420097,0.0,25.0,0.9851353596420097,0.0,25.0,0.0,0.1129281450068432,False,0.8363923362133013,,,,,,,
9,E011,60.0,0.05,0.9225877578304977,4.0,89.0,0.9851353596420097,0.0,25.0,0.0,0.1129281450068432,False,0.8363923362133013,,,,,,,
9,E011,60.0,0.1,0.9225877578304977,4.0,89.0,0.9225877578304977,4.0,89.0,0.0975609756097561,0.09989871867269275,True,0.8363923362133013,,,,,,,
9,E011,60.0,0.15,0.7742799557168758,13.0,135.0,0.8350403527129031,8.0,119.0,0.14285714285714285,0.11802897454565542,True,0.8363923362133013,,,,,,,
9,E011,60.0,0.2,0.5129454107763962,21.0,157.0,0.5129454107763962,21.0,157.0,0.19480519480519481,0.18687394243878433,True,0.8363923362133013,,,,,,,
9,E011,60.0,0.3,0.5129454107763962,21.0,157.0,0.5129454107763962,21.0,157.0,0.19480519480519481,0.18687394243878433,True,0.8363923362133013,,,,,,,
9,E011,72.0,0.02,0.9746878603178961,1.0,55.0,0.9830045758648529,0.0,47.0,0.0,0.06175013471082449,False,0.7928504188083706,,,,,,,
9,E011,72.0,0.05,0.9305259406206849,4.0,90.0,0.9830045758648529,0.0,47.0,0.0,0.06175013471082449,False,0.7928504188083706,,,,,,,
9,E011,72.0,0.1,0.9305259406206849,4.0,90.0,0.9686834940637997,2.0,67.0,0.09090909090909091,0.09099947386403642,True,0.7928504188083706,,,,,,,
9,E011,72.0,0.15,0.8005249333930357,13.0,135.0,0.891142724686807,7.0,111.0,0.14285714285714285,0.11518479775462839,True,0.7928504188083706,,,,,,,
9,E011,72.0,0.2,0.5245296983631874,22.0,155.0,0.7003622646884339,16.0,143.0,0.2,0.16497034642565708,True,0.7928504188083706,,,,,,,
9,E011,72.0,0.3,0.5209258181201977,24.0,157.0,0.5209258181201977,24.0,157.0,0.2077922077922078,0.20819488551359241,True,0.7928504188083706,,,,,,,
9,E011,sequential,0.02,,,,,,,,,,,cbes_style,"(False, False, False, False, False, False)",0.0,0.0,0.13683320762779935,0.13683320762779935,conservative_no_stop
9,E011,sequential,0.05,,,,,,,,,,,cbes_style,"(False, False, False, False, False, False)",0.0,0.0,0.13683320762779935,0.13683320762779935,conservative_no_stop
9,E011,sequential,0.1,,,,,,,,,,,cbes_style,"(False, False, False, False, False, False)",0.0,0.0,0.13683320762779935,0.13683320762779935,conservative_no_stop
9,E011,sequential,0.15,,,,,,,,,,,cbes_style,"(False, False, False, False, False, False)",0.0,0.0,0.13683320762779935,0.13683320762779935,conservative_no_stop
9,E011,sequential,0.2,,,,,,,,,,,cbes_style,"(False, False, False, True, True, False)",0.1643835616438356,0.02702702702702703,0.13683320762779935,0.16386023465482638,calibrated
9,E011,sequential,0.3,,,,,,,,,,,cbes_style,"(False, False, False, True, True, True)",0.17333333333333334,0.05128205128205128,0.13683320762779935,0.18811525890985065,calibrated
10,E012,12.0,0.02,1.01,0.0,0.0,1.01,0.0,0.0,1.0,1.0,False,1.1032836532492365,,,,,,,
10,E012,12.0,0.05,0.9917442638423943,1.0,25.0,1.01,0.0,0.0,1.0,1.0,False,1.1032836532492365,,,,,,,
10,E012,12.0,0.1,0.9866632588284819,3.0,36.0,1.01,0.0,0.0,1.0,1.0,False,1.1032836532492365,,,,,,,
10,E012,12.0,0.15,0.6860902808648077,21.0,140.0,0.8141487909036594,13.0,111.0,0.14084507042253522,0.17974197523479732,False,1.1032836532492365,,,,,,,
10,E012,12.0,0.2,0.7555523753014499,18.0,131.0,0.5717737294431602,28.0,157.0,0.2,0.23624514187573692,False,1.1032836532492365,,,,,,,
10,E012,12.0,0.3,0.5199134062887198,32.0,167.0,0.5199134062887198,32.0,167.0,0.21839080459770116,0.2486949415923225,True,1.1032836532492365,,,,,,,
10,E012,24.0,0.02,0.9994159900126167,0.0,13.0,1.01,0.0,0.0,1.0,1.0,False,1.088767372576955,,,,,,,
10,E012,24.0,0.05,0.9994159900126167,0.0,13.0,1.01,0.0,0.0,1.0,1.0,False,1.088767372576955,,,,,,,
10,E012,24.0,0.1,0.7025183571280472,13.0,131.0,0.8010136649017539,9.0,110.0,0.09375,0.13842980902105423,False,1.088767372576955,,,,,,,
10,E012,24.0,0.15,0.740239766087327,12.0,126.0,0.6564272191725397,17.0,142.0,0.14864864864864866,0.17415179959533014,False,1.088767372576955,,,,,,,
10,E012,24.0,0.2,0.5487860821756249,23.0,158.0,0.5006648057492341,26.0,167.0,0.1724137931034483,0.20939187574345106,False,1.088767372576955,,,,,,,
10,E012,24.0,0.3,0.5006648057492341,26.0,167.0,0.5006648057492341,26.0,167.0,0.1724137931034483,0.20939187574345106,True,1.088767372576955,,,,,,,
10,E012,36.0,0.02,1.01,0.0,0.0,1.01,0.0,0.0,1.0,1.0,False,1.0772583956841875,,,,,,,
10,E012,36.0,0.05,0.8229081932551385,1.0,38.0,1.01,0.0,0.0,1.0,1.0,False,1.0772583956841875,,,,,,,
10,E012,36.0,0.1,0.8195744658395413,4.0,42.0,0.8229081932551385,1.0,38.0,0.08333333333333333,0.11885412270056078,False,1.0772583956841875,,,,,,,
10,E012,36.0,0.15,0.8229081932551385,1.0,38.0,0.8229081932551385,1.0,38.0,0.08333333333333333,0.11885412270056078,True,1.0772583956841875,,,,,,,
10,E012,36.0,0.2,0.821234026891884,3.0,40.0,0.8220048809145313,2.0,39.0,0.15384615384615385,0.15276510530744303,True,1.0772583956841875,,,,,,,
10,E012,36.0,0.3,0.5820706115310432,34.0,146.0,0.7612913467833128,9.0,65.0,0.2916666666666667,0.2291826382655003,True,1.0772583956841875,,,,,,,
10,E012,48.0,0.02,0.8517499911300365,1.0,83.0,0.8966933268988664,0.0,61.0,0.0,0.04792395210660732,False,1.1072622443288982,,,,,,,
10,E012,48.0,0.05,0.8966933268988664,0.0,61.0,0.8517499911300365,1.0,83.0,0.03333333333333333,0.05588199386843552,False,1.1072622443288982,,,,,,,
10,E012,48.0,0.1,0.8373450612478384,4.0,91.0,0.8166584569220235,5.0,98.0,0.09523809523809523,0.10428070502030067,False,1.1072622443288982,,,,,,,
10,E012,48.0,0.15,0.6732291620896087,13.0,134.0,0.7236879226258075,10.0,122.0,0.15,0.1350678587875126,True,1.1072622443288982,,,,,,,
10,E012,48.0,0.2,0.506216106475391,21.0,167.0,0.5071610404635165,20.0,166.0,0.19767441860465115,0.1702424323290295,True,1.1072622443288982,,,,,,,
10,E012,48.0,0.3,0.506216106475391,21.0,167.0,0.506216106475391,21.0,167.0,0.20689655172413793,0.17601125067892254,True,1.1072622443288982,,,,,,,
10,E012,60.0,0.02,0.9258929325152492,1.0,85.0,0.9296006192815485,0.0,79.0,0.0,0.03721067606158025,False,1.1055565099156321,,,,,,,
10,E012,60.0,0.05,0.9296006192815485,0.0,79.0,0.9258929325152492,1.0,85.0,0.034482758620689655,0.054596015041443825,False,1.1055565099156321,,,,,,,
10,E012,60.0,0.1,0.8647459704180894,5.0,108.0,0.8647459704180894,5.0,108.0,0.09302325581395349,0.09487507165838877,True,1.1055565099156321,,,,,,,
10,E012,60.0,0.15,0.6259474985235967,15.0,151.0,0.7558145358381779,10.0,132.0,0.14754098360655737,0.12511325463621165,True,1.1055565099156321,,,,,,,
10,E012,60.0,0.2,0.5062357962052544,24.0,165.0,0.5773668295503349,17.0,155.0,0.19480519480519481,0.15996560701501458,True,1.1055565099156321,,,,,,,
10,E012,60.0,0.3,0.502647144196183,26.0,167.0,0.502647144196183,26.0,167.0,0.26436781609195403,0.20939187574345106,True,1.1055565099156321,,,,,,,
10,E012,72.0,0.02,0.9974107572318927,1.0,61.0,1.01,0.0,0.0,1.0,1.0,False,1.2735199415015919,,,,,,,
10,E012,72.0,0.05,0.7632894318665847,8.0,161.0,0.9941784948738942,3.0,87.0,0.047619047619047616,0.08671366186700107,False,1.2735199415015919,,,,,,,
10,E012,72.0,0.1,0.7458071682901426,9.0,162.0,0.5292009864687617,12.0,172.0,0.09782608695652174,0.11058830893095334,False,1.2735199415015919,,,,,,,
10,E012,72.0,0.15,0.5292009864687617,12.0,172.0,0.5292009864687617,12.0,172.0,0.09782608695652174,0.11058830893095334,True,1.2735199415015919,,,,,,,
10,E012,72.0,0.2,0.5292009864687617,12.0,172.0,0.5292009864687617,12.0,172.0,0.09782608695652174,0.11058830893095334,True,1.2735199415015919,,,,,,,
10,E012,72.0,0.3,0.5292009864687617,12.0,172.0,0.5292009864687617,12.0,172.0,0.09782608695652174,0.11058830893095334,True,1.2735199415015919,,,,,,,
10,E012,sequential,0.02,,,,,,,,,,,cbes_style,"(False, False, False, True, False, True)",0.012658227848101266,0.12941176470588237,0.12759762403986807,0.2570093887457504,calibrated
10,E012,sequential,0.05,,,,,,,,,,,cbes_style,"(False, False, True, True, True, True)",0.0379746835443038,0.3218390804597701,0.12759762403986807,0.4494367044996382,calibrated
10,E012,sequential,0.1,,,,,,,,,,,cbes_style,"(True, True, True, True, True, True)",0.1,0.2159090909090909,0.12759762403986807,0.343506714948959,calibrated
10,E012,sequential,0.15,,,,,,,,,,,cbes_style,"(True, True, True, True, True, True)",0.1,0.2159090909090909,0.12759762403986807,0.343506714948959,calibrated
10,E012,sequential,0.2,,,,,,,,,,,cbes_style,"(True, True, True, True, True, True)",0.1,0.2159090909090909,0.12759762403986807,0.343506714948959,calibrated
10,E012,sequential,0.3,,,,,,,,,,,cbes_style,"(True, True, True, True, True, True)",0.1,0.2159090909090909,0.12759762403986807,0.343506714948959,calibrated
