dataset,held_out_group,method,operating_point,risk_target,independent_test_units,stopped_early,incorrect_early,EESR,FP_EESR,FN_EESR,coverage,abstention_rate,observation_savings,observation_savings_stopped,mean_decision_time,median_decision_time,calibration_metric,OOD_status,seed_config,commit_hash,EESR_exact_lower,EESR_exact_upper
orgAInoid_RPE_Final,ALL,calibrated_non_group,0.02,0.02,988,429,38,0.0885780885780885,0.0419580419580419,0.0466200466200466,0.4342105263157895,0.0,0.1312415654520917,0.3022533022533023,62.550607287449395,72.0,empirical group EESR,disabled,20260929,69b1b200c29ca42626fc4cdc7d32551c9524e8f9,0.063445536038347,0.1195526520705535
orgAInoid_RPE_Final,ALL,calibrated_non_group,0.05,0.05,988,644,58,0.0900621118012422,0.0496894409937888,0.0403726708074534,0.6518218623481782,0.0,0.1978744939271255,0.3035714285714285,57.75303643724696,60.0,empirical group EESR,disabled,20260929,69b1b200c29ca42626fc4cdc7d32551c9524e8f9,0.0690975980573063,0.114870646435689
orgAInoid_RPE_Final,ALL,calibrated_non_group,0.1,0.1,988,818,141,0.1723716381418092,0.1063569682151589,0.0660146699266503,0.8279352226720648,0.0,0.4274628879892037,0.5162999185004076,41.22267206477733,48.0,empirical group EESR,disabled,20260929,69b1b200c29ca42626fc4cdc7d32551c9524e8f9,0.1470949230280239,0.200034257248521
orgAInoid_RPE_Final,ALL,calibrated_non_group,0.15,0.15,988,933,182,0.195069667738478,0.0943193997856377,0.1007502679528403,0.944331983805668,0.0,0.5293522267206477,0.5605573419078242,33.88663967611336,24.0,empirical group EESR,disabled,20260929,69b1b200c29ca42626fc4cdc7d32551c9524e8f9,0.1701023159160533,0.2219781599097602
orgAInoid_RPE_Final,ALL,calibrated_non_group,0.2,0.2,988,970,253,0.2608247422680412,0.1371134020618556,0.1237113402061855,0.9817813765182186,0.0,0.6219635627530364,0.6335051546391752,27.218623481781375,24.0,empirical group EESR,disabled,20260929,69b1b200c29ca42626fc4cdc7d32551c9524e8f9,0.2334379686592619,0.2896716115196546
orgAInoid_RPE_Final,ALL,calibrated_non_group,0.3,0.3,988,984,294,0.298780487804878,0.1707317073170731,0.1280487804878048,0.9959514170040484,0.0,0.7542172739541161,0.7572831978319784,17.696356275303643,12.0,empirical group EESR,disabled,20260929,69b1b200c29ca42626fc4cdc7d32551c9524e8f9,0.2703109669044028,0.328459583527672
orgAInoid_RPE_Final,ALL,cbes_style,0.02,0.02,988,227,35,0.1541850220264317,0.1101321585903083,0.0440528634361233,0.2297570850202429,0.0,0.0929487179487179,0.4045521292217328,65.3076923076923,72.0,empirical group EESR,disabled,20260929,69b1b200c29ca42626fc4cdc7d32551c9524e8f9,0.1098056160834835,0.2078550502749804
orgAInoid_RPE_Final,ALL,cbes_style,0.05,0.05,988,445,69,0.1550561797752809,0.0853932584269663,0.0696629213483146,0.4504048582995951,0.0,0.1531713900134952,0.3400749063670412,60.97165991902834,72.0,empirical group EESR,disabled,20260929,69b1b200c29ca42626fc4cdc7d32551c9524e8f9,0.1226902866127689,0.1920887621100753
orgAInoid_RPE_Final,ALL,cbes_style,0.1,0.1,988,576,128,0.2222222222222222,0.1111111111111111,0.1111111111111111,0.582995951417004,0.0,0.2646761133603239,0.4539930555555556,52.94331983805668,60.0,empirical group EESR,disabled,20260929,69b1b200c29ca42626fc4cdc7d32551c9524e8f9,0.188900122291068,0.2584219450784917
orgAInoid_RPE_Final,ALL,cbes_style,0.15,0.15,988,669,156,0.2331838565022421,0.1345291479820627,0.0986547085201793,0.6771255060728745,0.0,0.3999662618083671,0.590682610861983,43.202429149797574,36.0,empirical group EESR,disabled,20260929,69b1b200c29ca42626fc4cdc7d32551c9524e8f9,0.201629522141874,0.2671122021498382
orgAInoid_RPE_Final,ALL,cbes_style,0.2,0.2,988,762,166,0.2178477690288714,0.1312335958005249,0.0866141732283464,0.771255060728745,0.0,0.4922402159244263,0.6382327209098863,36.558704453441294,24.0,empirical group EESR,disabled,20260929,69b1b200c29ca42626fc4cdc7d32551c9524e8f9,0.1890215588740069,0.2488760475002567
orgAInoid_RPE_Final,ALL,cbes_style,0.3,0.3,988,864,180,0.2083333333333333,0.1261574074074074,0.0821759259259259,0.8744939271255061,0.0,0.5713562753036437,0.6533564814814815,30.86234817813765,24.0,empirical group EESR,disabled,20260929,69b1b200c29ca42626fc4cdc7d32551c9524e8f9,0.1817071739821273,0.2369649698531269
orgAInoid_RPE_Final,ALL,fixed_time,12.0,,988,984,344,0.3495934959349593,0.1961382113821138,0.1534552845528455,0.9959514170040484,0.0,0.8299595141700404,0.8333333333333335,12.242914979757083,12.0,empirical group EESR,disabled,20260929,69b1b200c29ca42626fc4cdc7d32551c9524e8f9,0.3197794667001795,0.3803108345713025
orgAInoid_RPE_Final,ALL,fixed_time,24.0,,988,984,257,0.2611788617886179,0.1636178861788617,0.0975609756097561,0.9959514170040484,0.0,0.6639676113360323,0.6666666666666665,24.194331983805668,24.0,empirical group EESR,disabled,20260929,69b1b200c29ca42626fc4cdc7d32551c9524e8f9,0.2339724615375101,0.2898222262401528
orgAInoid_RPE_Final,ALL,fixed_time,36.0,,988,984,256,0.2601626016260163,0.1392276422764227,0.1209349593495935,0.9959514170040484,0.0,0.4979757085020243,0.5,36.14574898785425,36.0,empirical group EESR,disabled,20260929,69b1b200c29ca42626fc4cdc7d32551c9524e8f9,0.2329938020168324,0.288774522880417
orgAInoid_RPE_Final,ALL,fixed_time,48.0,,988,984,169,0.1717479674796748,0.0965447154471544,0.0752032520325203,0.9959514170040484,0.0,0.3319838056680161,0.3333333333333332,48.097165991902834,48.0,empirical group EESR,disabled,20260929,69b1b200c29ca42626fc4cdc7d32551c9524e8f9,0.1486843361979729,0.1967942662130283
orgAInoid_RPE_Final,ALL,fixed_time,60.0,,988,984,136,0.1382113821138211,0.0833333333333333,0.0548780487804878,0.9959514170040484,0.0,0.165991902834008,0.1666666666666666,60.04858299595141,60.0,empirical group EESR,disabled,20260929,69b1b200c29ca42626fc4cdc7d32551c9524e8f9,0.1172473451732959,0.1613661337622649
orgAInoid_RPE_Final,ALL,full_protocol,none,,988,0,0,0.0,0.0,0.0,0.0,0.0,0.0,0.0,72.0,72.0,empirical group EESR,disabled,20260929,69b1b200c29ca42626fc4cdc7d32551c9524e8f9,,
orgAInoid_RPE_Final,ALL,gates_full,0.02,0.02,988,256,7,0.02734375,0.02734375,0.0,0.2591093117408907,0.0161943319838056,0.0700067476383265,0.2701822916666666,66.95951417004049,72.0,empirical group EESR,enabled,20260929,69b1b200c29ca42626fc4cdc7d32551c9524e8f9,0.0110627868084981,0.0555245905471427
orgAInoid_RPE_Final,ALL,gates_full,0.05,0.05,988,439,25,0.0569476082004555,0.0341685649202733,0.0227790432801822,0.444331983805668,0.0384615384615384,0.122638326585695,0.2760060744115413,63.17004048582996,72.0,empirical group EESR,enabled,20260929,69b1b200c29ca42626fc4cdc7d32551c9524e8f9,0.0371888126152213,0.0829207798764289
orgAInoid_RPE_Final,ALL,gates_full,0.1,0.1,988,580,76,0.1310344827586207,0.093103448275862,0.0379310344827586,0.5870445344129555,0.0506072874493927,0.2363360323886639,0.4025862068965516,54.983805668016196,60.0,empirical group EESR,enabled,20260929,69b1b200c29ca42626fc4cdc7d32551c9524e8f9,0.1046472897683838,0.1612449793730717
orgAInoid_RPE_Final,ALL,gates_full,0.15,0.15,988,740,120,0.1621621621621621,0.0972972972972973,0.0648648648648648,0.7489878542510121,0.0870445344129554,0.3527327935222672,0.4709459459459458,46.60323886639676,48.0,empirical group EESR,enabled,20260929,69b1b200c29ca42626fc4cdc7d32551c9524e8f9,0.1363181691113096,0.1907314189321647
orgAInoid_RPE_Final,ALL,gates_full,0.2,0.2,988,809,177,0.2187886279357231,0.1137206427688504,0.1050679851668726,0.8188259109311741,0.0840080971659919,0.4397773279352226,0.5370828182941904,40.336032388663966,48.0,empirical group EESR,enabled,20260929,69b1b200c29ca42626fc4cdc7d32551c9524e8f9,0.1907490952524345,0.248893809696853
orgAInoid_RPE_Final,ALL,gates_full,0.3,0.3,988,884,271,0.3065610859728507,0.1515837104072398,0.1549773755656108,0.8947368421052632,0.0941295546558704,0.5968286099865047,0.6670437405731524,29.02834008097166,24.0,empirical group EESR,enabled,20260929,69b1b200c29ca42626fc4cdc7d32551c9524e8f9,0.2762889701672337,0.3381287121275828
orgAInoid_RPE_Final,ALL,gates_without_ood,0.02,0.02,988,272,12,0.0441176470588235,0.0294117647058823,0.0147058823529411,0.2753036437246963,0.0,0.0765856950067476,0.2781862745098039,66.48582995951416,72.0,empirical group EESR,disabled,20260929,69b1b200c29ca42626fc4cdc7d32551c9524e8f9,0.0230009330718903,0.0757959774737484
orgAInoid_RPE_Final,ALL,gates_without_ood,0.05,0.05,988,477,41,0.0859538784067086,0.0398322851153039,0.0461215932914046,0.4827935222672064,0.0,0.1364709851551956,0.2826694619147449,62.174089068825914,72.0,empirical group EESR,disabled,20260929,69b1b200c29ca42626fc4cdc7d32551c9524e8f9,0.0623871472973492,0.1147995879196811
orgAInoid_RPE_Final,ALL,gates_without_ood,0.1,0.1,988,630,89,0.1412698412698412,0.092063492063492,0.0492063492063492,0.6376518218623481,0.0,0.2607962213225371,0.4089947089947089,53.22267206477733,60.0,empirical group EESR,disabled,20260929,69b1b200c29ca42626fc4cdc7d32551c9524e8f9,0.1150116324396312,0.1709416907571379
orgAInoid_RPE_Final,ALL,gates_without_ood,0.15,0.15,988,826,144,0.1743341404358353,0.1029055690072639,0.0714285714285714,0.8360323886639676,0.0,0.4082321187584345,0.4882970137207425,42.607287449392715,48.0,empirical group EESR,disabled,20260929,69b1b200c29ca42626fc4cdc7d32551c9524e8f9,0.1490546209047619,0.2019616989987798
orgAInoid_RPE_Final,ALL,gates_without_ood,0.2,0.2,988,892,204,0.2286995515695067,0.1177130044843049,0.1109865470852018,0.902834008097166,0.0,0.4956140350877193,0.5489536621823617,36.31578947368421,48.0,empirical group EESR,disabled,20260929,69b1b200c29ca42626fc4cdc7d32551c9524e8f9,0.2015102075375834,0.2576935277628165
orgAInoid_RPE_Final,ALL,gates_without_ood,0.3,0.3,988,977,305,0.3121801432958034,0.1606960081883316,0.1514841351074718,0.9888663967611336,0.0,0.6685222672064778,0.6760491299897646,23.866396761133604,18.0,empirical group EESR,disabled,20260929,69b1b200c29ca42626fc4cdc7d32551c9524e8f9,0.2832147991457412,0.3422823688667781
orgAInoid_RPE_Final,ALL,naive_confidence,0.5,,988,984,344,0.3495934959349593,0.1961382113821138,0.1534552845528455,0.9959514170040484,0.0,0.8299595141700404,0.8333333333333335,12.242914979757083,12.0,empirical group EESR,disabled,20260929,69b1b200c29ca42626fc4cdc7d32551c9524e8f9,0.3197794667001795,0.3803108345713025
orgAInoid_RPE_Final,ALL,naive_confidence,0.6,,988,984,277,0.2815040650406504,0.1544715447154471,0.1270325203252032,0.9959514170040484,0.0,0.7805330634278004,0.7837059620596206,15.80161943319838,12.0,empirical group EESR,disabled,20260929,69b1b200c29ca42626fc4cdc7d32551c9524e8f9,0.2535846602426059,0.3107374227847173
orgAInoid_RPE_Final,ALL,naive_confidence,0.7,,988,962,214,0.2224532224532224,0.1174636174636174,0.104989604989605,0.9736842105263158,0.0,0.6912955465587044,0.7099792099792099,22.22672064777328,12.0,empirical group EESR,disabled,20260929,69b1b200c29ca42626fc4cdc7d32551c9524e8f9,0.1965345377117509,0.250082742185852
orgAInoid_RPE_Final,ALL,naive_confidence,0.8,,988,918,169,0.1840958605664488,0.1013071895424836,0.0827886710239651,0.9291497975708504,0.0,0.5723684210526315,0.6160130718954249,30.789473684210527,24.0,empirical group EESR,disabled,20260929,69b1b200c29ca42626fc4cdc7d32551c9524e8f9,0.1595261259399444,0.2107110652345787
orgAInoid_RPE_Final,ALL,naive_confidence,0.9,,988,772,109,0.1411917098445596,0.0893782383419689,0.0518134715025906,0.7813765182186235,0.0,0.3905195681511471,0.4997841105354058,43.88259109311741,48.0,empirical group EESR,disabled,20260929,69b1b200c29ca42626fc4cdc7d32551c9524e8f9,0.1173884183380167,0.1677728624111799
orgAInoid_RPE_Final,ALL,naive_confidence,0.95,,988,580,63,0.1086206896551724,0.0775862068965517,0.0310344827586206,0.5870445344129555,0.0,0.2501686909581646,0.4261494252873563,53.987854251012145,60.0,empirical group EESR,disabled,20260929,69b1b200c29ca42626fc4cdc7d32551c9524e8f9,0.0844820538448736,0.1368279875058331
orgAInoid_RPE_Final,ALL,naive_confidence,0.975,,988,353,37,0.1048158640226629,0.0736543909348441,0.0311614730878186,0.3572874493927125,0.0,0.1417004048582996,0.3966005665722379,61.797570850202426,72.0,empirical group EESR,disabled,20260929,69b1b200c29ca42626fc4cdc7d32551c9524e8f9,0.0748802584888361,0.1415739317270247
orgAInoid_RPE_Final,ALL,naive_confidence,0.99,,988,146,20,0.136986301369863,0.0821917808219178,0.0547945205479452,0.1477732793522267,0.0,0.0587044534412955,0.3972602739726028,67.77327935222672,72.0,empirical group EESR,disabled,20260929,69b1b200c29ca42626fc4cdc7d32551c9524e8f9,0.0857259940782509,0.2036080524680797
